document_id,filename,filepath,agency,form_number,document_type,url,file_exists
1,i-765ws.pdf,/content/drive/MyDrive/newstart_ai/data/raw/uscis/i-765ws.pdf,USCIS,I-765,form,,True
2,i-361instr.pdf,/content/drive/MyDrive/newstart_ai/data/raw/uscis/i-361instr.pdf,USCIS,I-361,instructions,,True
3,i-508instr.pdf,/content/drive/MyDrive/newstart_ai/data/raw/uscis/i-508instr.pdf,USCIS,I-508,instructions,,True
4,g-1566instr.pdf,/content/drive/MyDrive/newstart_ai/data/raw/uscis/g-1566instr.pdf,USCIS,G-1566,instructions,,True
5,i-129s.pdf,/content/drive/MyDrive/newstart_ai/data/raw/uscis/i-129s.pdf,USCIS,I-129,form,,True
6,n-470.pdf,/content/drive/MyDrive/newstart_ai/data/raw/uscis/n-470.pdf,USCIS,N-470,form,,True
7,g-28iinstr.pdf,/content/drive/MyDrive/newstart_ai/data/raw/uscis/g-28iinstr.pdf,USCIS,G-28,instructions,,True
8,i-600ainstr.pdf,/content/drive/MyDrive/newstart_ai/data/raw/uscis/i-600ainstr.pdf,USCIS,I-600,instructions,,True
9,i-800asup2.pdf,/content/drive/MyDrive/newstart_ai/data/raw/uscis/i-800asup2.pdf,USCIS,I-800,supplement,,True
10,i-129cwrinstr.pdf,/content/drive/MyDrive/newstart_ai/data/raw/uscis/i-129cwrinstr.pdf,USCIS,I-129,instructions,,True
11,i-881instr.pdf,/content/drive/MyDrive/newstart_ai/data/raw/uscis/i-881instr.pdf,USCIS,I-881,instructions,,True
12,i-602instr.pdf,/content/drive/MyDrive/newstart_ai/data/raw/uscis/i-602instr.pdf,USCIS,I-602,instructions,,True
13,i-134instr.pdf,/content/drive/MyDrive/newstart_ai/data/raw/uscis/i-134instr.pdf,USCIS,I-134,instructions,,True
14,n-600k.pdf,/content/drive/MyDrive/newstart_ai/data/raw/uscis/n-600k.pdf,USCIS,N-600,form,,True
15,I-589%20Instructions_DAR.pdf,/content/drive/MyDrive/newstart_ai/data/raw/uscis/I-589%20Instructions_DAR.pdf,USCIS,I-589,instructions,,True
16,m-737.pdf,/content/drive/MyDrive/newstart_ai/data/raw/uscis/m-737.pdf,USCIS,M-737,form,,True
17,i-589instr.pdf,/content/drive/MyDrive/newstart_ai/data/raw/uscis/i-589instr.pdf,USCIS,I-589,instructions,,True
18,i-129cwinstr.pdf,/content/drive/MyDrive/newstart_ai/data/raw/uscis/i-129cwinstr.pdf,USCIS,I-129,instructions,,True
19,g-845instr.pdf,/content/drive/MyDrive/newstart_ai/data/raw/uscis/g-845instr.pdf,USCIS,G-845,instructions,,True
20,g-845.pdf,/content/drive/MyDrive/newstart_ai/data/raw/uscis/g-845.pdf,USCIS,G-845,form,,True
21,i-131.pdf,/content/drive/MyDrive/newstart_ai/data/raw/uscis/i-131.pdf,USCIS,I-131,form,,True
22,g-1041instr.pdf,/content/drive/MyDrive/newstart_ai/data/raw/uscis/g-1041instr.pdf,USCIS,G-1041,instructions,,True
23,g-28.pdf,/content/drive/MyDrive/newstart_ai/data/raw/uscis/g-28.pdf,USCIS,G-28,form,,True
24,g-1450instr.pdf,/content/drive/MyDrive/newstart_ai/data/raw/uscis/g-1450instr.pdf,USCIS,G-1450,instructions,,True
25,i-508.pdf,/content/drive/MyDrive/newstart_ai/data/raw/uscis/i-508.pdf,USCIS,I-508,form,,True
26,I-589%20Form%20with%20Watermark_FR.pdf,/content/drive/MyDrive/newstart_ai/data/raw/uscis/I-589%20Form%20with%20Watermark_FR.pdf,USCIS,I-589,form,,True
27,i-918.pdf,/content/drive/MyDrive/newstart_ai/data/raw/uscis/i-918.pdf,USCIS,I-918,form,,True
28,n-300.pdf,/content/drive/MyDrive/newstart_ai/data/raw/uscis/n-300.pdf,USCIS,N-300,form,,True
29,I-589%20Form%20with%20Watermark_VI.pdf,/content/drive/MyDrive/newstart_ai/data/raw/uscis/I-589%20Form%20with%20Watermark_VI.pdf,USCIS,I-589,form,,True
30,i-129instr.pdf,/content/drive/MyDrive/newstart_ai/data/raw/uscis/i-129instr.pdf,USCIS,I-129,instructions,,True
31,i-90instr.pdf,/content/drive/MyDrive/newstart_ai/data/raw/uscis/i-90instr.pdf,USCIS,I-90,instructions,,True
32,i-690instr.pdf,/content/drive/MyDrive/newstart_ai/data/raw/uscis/i-690instr.pdf,USCIS,I-690,instructions,,True
33,i-914.pdf,/content/drive/MyDrive/newstart_ai/data/raw/uscis/i-914.pdf,USCIS,I-914,form,,True
34,I-589%20Instructions_RU.pdf,/content/drive/MyDrive/newstart_ai/data/raw/uscis/I-589%20Instructions_RU.pdf,USCIS,I-589,instructions,,True
35,n-644instr.pdf,/content/drive/MyDrive/newstart_ai/data/raw/uscis/n-644instr.pdf,USCIS,N-644,instructions,,True
36,i-212.pdf,/content/drive/MyDrive/newstart_ai/data/raw/uscis/i-212.pdf,USCIS,I-212,form,,True
37,i-854b.pdf,/content/drive/MyDrive/newstart_ai/data/raw/uscis/i-854b.pdf,USCIS,I-854,form,,True
38,n-426instr.pdf,/content/drive/MyDrive/newstart_ai/data/raw/uscis/n-426instr.pdf,USCIS,N-426,instructions,,True
39,i-914supb.pdf,/content/drive/MyDrive/newstart_ai/data/raw/uscis/i-914supb.pdf,USCIS,I-914,supplement,,True
40,i-751instr.pdf,/content/drive/MyDrive/newstart_ai/data/raw/uscis/i-751instr.pdf,USCIS,I-751,instructions,,True
41,i-102instr.pdf,/content/drive/MyDrive/newstart_ai/data/raw/uscis/i-102instr.pdf,USCIS,I-102,instructions,,True
42,I-589%20Instructions_SO.pdf,/content/drive/MyDrive/newstart_ai/data/raw/uscis/I-589%20Instructions_SO.pdf,USCIS,I-589,instructions,,True
43,i-956g.pdf,/content/drive/MyDrive/newstart_ai/data/raw/uscis/i-956g.pdf,USCIS,I-956,form,,True
44,i-134.pdf,/content/drive/MyDrive/newstart_ai/data/raw/uscis/i-134.pdf,USCIS,I-134,form,,True
45,i-824instr.pdf,/content/drive/MyDrive/newstart_ai/data/raw/uscis/i-824instr.pdf,USCIS,I-824,instructions,,True
46,g-1651.pdf,/content/drive/MyDrive/newstart_ai/data/raw/uscis/g-1651.pdf,USCIS,G-1651,form,,True
47,i-130.pdf,/content/drive/MyDrive/newstart_ai/data/raw/uscis/i-130.pdf,USCIS,I-130,form,,True
48,i-212instr.pdf,/content/drive/MyDrive/newstart_ai/data/raw/uscis/i-212instr.pdf,USCIS,I-212,instructions,,True
49,i-129cwr.pdf,/content/drive/MyDrive/newstart_ai/data/raw/uscis/i-129cwr.pdf,USCIS,I-129,form,,True
50,g-1256instr.pdf,/content/drive/MyDrive/newstart_ai/data/raw/uscis/g-1256instr.pdf,USCIS,G-1256,instructions,,True
51,I-140Ginstr.pdf,/content/drive/MyDrive/newstart_ai/data/raw/uscis/I-140Ginstr.pdf,USCIS,I-140,instructions,,True
52,i-821.pdf,/content/drive/MyDrive/newstart_ai/data/raw/uscis/i-821.pdf,USCIS,I-821,form,,True
53,I-589%20Form%20with%20Watermark_SO.pdf,/content/drive/MyDrive/newstart_ai/data/raw/uscis/I-589%20Form%20with%20Watermark_SO.pdf,USCIS,I-589,form,,True
54,i-956finstr.pdf,/content/drive/MyDrive/newstart_ai/data/raw/uscis/i-956finstr.pdf,USCIS,I-956,instructions,,True
55,i-694.pdf,/content/drive/MyDrive/newstart_ai/data/raw/uscis/i-694.pdf,USCIS,I-694,form,,True
56,I-589%20Form%20with%20Watermark_ES.pdf,/content/drive/MyDrive/newstart_ai/data/raw/uscis/I-589%20Form%20with%20Watermark_ES.pdf,USCIS,I-589,translated_form,,True
57,i-690sup1.pdf,/content/drive/MyDrive/newstart_ai/data/raw/uscis/i-690sup1.pdf,USCIS,I-690,supplement,,True
58,i-602.pdf,/content/drive/MyDrive/newstart_ai/data/raw/uscis/i-602.pdf,USCIS,I-602,form,,True
59,I-589%20Instructions_TUR.pdf,/content/drive/MyDrive/newstart_ai/data/raw/uscis/I-589%20Instructions_TUR.pdf,USCIS,I-589,instructions,,True
60,i-910.pdf,/content/drive/MyDrive/newstart_ai/data/raw/uscis/i-910.pdf,USCIS,I-910,form,,True
61,m-736.pdf,/content/drive/MyDrive/newstart_ai/data/raw/uscis/m-736.pdf,USCIS,M-736,form,,True
62,i-907.pdf,/content/drive/MyDrive/newstart_ai/data/raw/uscis/i-907.pdf,USCIS,I-907,form,,True
63,i-612instr.pdf,/content/drive/MyDrive/newstart_ai/data/raw/uscis/i-612instr.pdf,USCIS,I-612,instructions,,True
64,i-800.pdf,/content/drive/MyDrive/newstart_ai/data/raw/uscis/i-800.pdf,USCIS,I-800,form,,True
65,i-600asup1.pdf,/content/drive/MyDrive/newstart_ai/data/raw/uscis/i-600asup1.pdf,USCIS,I-600,supplement,,True
66,i-129cw.pdf,/content/drive/MyDrive/newstart_ai/data/raw/uscis/i-129cw.pdf,USCIS,I-129,form,,True
67,i-539instr.pdf,/content/drive/MyDrive/newstart_ai/data/raw/uscis/i-539instr.pdf,USCIS,I-539,instructions,,True
68,n-565instr.pdf,/content/drive/MyDrive/newstart_ai/data/raw/uscis/n-565instr.pdf,USCIS,N-565,instructions,,True
69,ar-11.pdf,/content/drive/MyDrive/newstart_ai/data/raw/uscis/ar-11.pdf,USCIS,AR-11,form,,True
70,i-590.pdf,/content/drive/MyDrive/newstart_ai/data/raw/uscis/i-590.pdf,USCIS,I-590,form,,True
71,i-698.pdf,/content/drive/MyDrive/newstart_ai/data/raw/uscis/i-698.pdf,USCIS,I-698,form,,True
72,m-599.pdf,/content/drive/MyDrive/newstart_ai/data/raw/uscis/m-599.pdf,USCIS,M-599,form,,True
73,i-601achecklist_arab.pdf,/content/drive/MyDrive/newstart_ai/data/raw/uscis/i-601achecklist_arab.pdf,USCIS,I-601,checklist,,True
74,i-730.pdf,/content/drive/MyDrive/newstart_ai/data/raw/uscis/i-730.pdf,USCIS,I-730,form,,True
75,i-612.pdf,/content/drive/MyDrive/newstart_ai/data/raw/uscis/i-612.pdf,USCIS,I-612,form,,True
76,i-600asup3.pdf,/content/drive/MyDrive/newstart_ai/data/raw/uscis/i-600asup3.pdf,USCIS,I-600,supplement,,True
77,i-9instr.pdf,/content/drive/MyDrive/newstart_ai/data/raw/uscis/i-9instr.pdf,USCIS,I-9,instructions,,True
78,i-829.pdf,/content/drive/MyDrive/newstart_ai/data/raw/uscis/i-829.pdf,USCIS,I-829,form,,True
79,n-400.pdf,/content/drive/MyDrive/newstart_ai/data/raw/uscis/n-400.pdf,USCIS,N-400,form,,True
80,i-129finstr.pdf,/content/drive/MyDrive/newstart_ai/data/raw/uscis/i-129finstr.pdf,USCIS,I-129,instructions,,True
81,i-361.pdf,/content/drive/MyDrive/newstart_ai/data/raw/uscis/i-361.pdf,USCIS,I-361,form,,True
82,i-824.pdf,/content/drive/MyDrive/newstart_ai/data/raw/uscis/i-824.pdf,USCIS,I-824,form,,True
83,i-131instr.pdf,/content/drive/MyDrive/newstart_ai/data/raw/uscis/i-131instr.pdf,USCIS,I-131,instructions,,True
84,n-644.pdf,/content/drive/MyDrive/newstart_ai/data/raw/uscis/n-644.pdf,USCIS,N-644,form,,True
85,i-941instr.pdf,/content/drive/MyDrive/newstart_ai/data/raw/uscis/i-941instr.pdf,USCIS,I-941,instructions,,True
86,g-1055.pdf,/content/drive/MyDrive/newstart_ai/data/raw/uscis/g-1055.pdf,USCIS,G-1055,form,,True
87,g-325a.pdf,/content/drive/MyDrive/newstart_ai/data/raw/uscis/g-325a.pdf,USCIS,G-325,form,,True
88,n-336instr.pdf,/content/drive/MyDrive/newstart_ai/data/raw/uscis/n-336instr.pdf,USCIS,N-336,instructions,,True
89,i-693instr.pdf,/content/drive/MyDrive/newstart_ai/data/raw/uscis/i-693instr.pdf,USCIS,I-693,instructions,,True
90,i-800instr.pdf,/content/drive/MyDrive/newstart_ai/data/raw/uscis/i-800instr.pdf,USCIS,I-800,instructions,,True
91,i-130instr.pdf,/content/drive/MyDrive/newstart_ai/data/raw/uscis/i-130instr.pdf,USCIS,I-130,instructions,,True
92,i-600a.pdf,/content/drive/MyDrive/newstart_ai/data/raw/uscis/i-600a.pdf,USCIS,I-600,form,,True
93,i-765.pdf,/content/drive/MyDrive/newstart_ai/data/raw/uscis/i-765.pdf,USCIS,I-765,form,,True
94,i-485supj.pdf,/content/drive/MyDrive/newstart_ai/data/raw/uscis/i-485supj.pdf,USCIS,I-485,supplement,,True
95,i-589.pdf,/content/drive/MyDrive/newstart_ai/data/raw/uscis/i-589.pdf,USCIS,I-589,form,,True
96,I-589%20Form%20with%20Watermark_TUR.pdf,/content/drive/MyDrive/newstart_ai/data/raw/uscis/I-589%20Form%20with%20Watermark_TUR.pdf,USCIS,I-589,form,,True
97,i-356instr.pdf,/content/drive/MyDrive/newstart_ai/data/raw/uscis/i-356instr.pdf,USCIS,I-356,instructions,,True
98,i-918supbinstr.pdf,/content/drive/MyDrive/newstart_ai/data/raw/uscis/i-918supbinstr.pdf,USCIS,I-918,instructions,,True
99,i-601instr.pdf,/content/drive/MyDrive/newstart_ai/data/raw/uscis/i-601instr.pdf,USCIS,I-601,instructions,,True
100,i-526instr.pdf,/content/drive/MyDrive/newstart_ai/data/raw/uscis/i-526instr.pdf,USCIS,I-526,instructions,,True
101,i-865instr.pdf,/content/drive/MyDrive/newstart_ai/data/raw/uscis/i-865instr.pdf,USCIS,I-865,instructions,,True
102,i-485supjinstr.pdf,/content/drive/MyDrive/newstart_ai/data/raw/uscis/i-485supjinstr.pdf,USCIS,I-485,instructions,,True
103,n-336.pdf,/content/drive/MyDrive/newstart_ai/data/raw/uscis/n-336.pdf,USCIS,N-336,form,,True
104,n-426.pdf,/content/drive/MyDrive/newstart_ai/data/raw/uscis/n-426.pdf,USCIS,N-426,form,,True
105,i-751.pdf,/content/drive/MyDrive/newstart_ai/data/raw/uscis/i-751.pdf,USCIS,I-751,form,,True
106,i407instr.pdf,/content/drive/MyDrive/newstart_ai/data/raw/uscis/i407instr.pdf,USCIS,,instructions,,True
107,g-1041.pdf,/content/drive/MyDrive/newstart_ai/data/raw/uscis/g-1041.pdf,USCIS,G-1041,form,,True
108,I-589%20Form%20with%20Watermark_HC.pdf,/content/drive/MyDrive/newstart_ai/data/raw/uscis/I-589%20Form%20with%20Watermark_HC.pdf,USCIS,I-589,form,,True
109,i-817instr.pdf,/content/drive/MyDrive/newstart_ai/data/raw/uscis/i-817instr.pdf,USCIS,I-817,instructions,,True
110,I-589%20Instructions_CH.pdf,/content/drive/MyDrive/newstart_ai/data/raw/uscis/I-589%20Instructions_CH.pdf,USCIS,I-589,instructions,,True
111,n-470instr.pdf,/content/drive/MyDrive/newstart_ai/data/raw/uscis/n-470instr.pdf,USCIS,N-470,instructions,,True
112,i-526.pdf,/content/drive/MyDrive/newstart_ai/data/raw/uscis/i-526.pdf,USCIS,I-526,form,,True
113,i-765instr.pdf,/content/drive/MyDrive/newstart_ai/data/raw/uscis/i-765instr.pdf,USCIS,I-765,instructions,,True
114,i-360instr.pdf,/content/drive/MyDrive/newstart_ai/data/raw/uscis/i-360instr.pdf,USCIS,I-360,instructions,,True
115,i-129h2ainstr.pdf,/content/drive/MyDrive/newstart_ai/data/raw/uscis/i-129h2ainstr.pdf,USCIS,I-129,instructions,,True
116,i-539a.pdf,/content/drive/MyDrive/newstart_ai/data/raw/uscis/i-539a.pdf,USCIS,I-539,form,,True
117,i-192.pdf,/content/drive/MyDrive/newstart_ai/data/raw/uscis/i-192.pdf,USCIS,I-192,form,,True
118,i-694instr.pdf,/content/drive/MyDrive/newstart_ai/data/raw/uscis/i-694instr.pdf,USCIS,I-694,instructions,,True
119,i-829instr.pdf,/content/drive/MyDrive/newstart_ai/data/raw/uscis/i-829instr.pdf,USCIS,I-829,instructions,,True
120,i-698instr.pdf,/content/drive/MyDrive/newstart_ai/data/raw/uscis/i-698instr.pdf,USCIS,I-698,instructions,,True
121,i-129h2a.pdf,/content/drive/MyDrive/newstart_ai/data/raw/uscis/i-129h2a.pdf,USCIS,I-129,form,,True
122,i-193.pdf,/content/drive/MyDrive/newstart_ai/data/raw/uscis/i-193.pdf,USCIS,I-193,form,,True
123,i-941.pdf,/content/drive/MyDrive/newstart_ai/data/raw/uscis/i-941.pdf,USCIS,I-941,form,,True
124,i-129f.pdf,/content/drive/MyDrive/newstart_ai/data/raw/uscis/i-129f.pdf,USCIS,I-129,form,,True
125,i-918instr.pdf,/content/drive/MyDrive/newstart_ai/data/raw/uscis/i-918instr.pdf,USCIS,I-918,instructions,,True
126,i-956hinstr.pdf,/content/drive/MyDrive/newstart_ai/data/raw/uscis/i-956hinstr.pdf,USCIS,I-956,instructions,,True
127,i-765v.pdf,/content/drive/MyDrive/newstart_ai/data/raw/uscis/i-765v.pdf,USCIS,I-765,form,,True
128,i-140g.pdf,/content/drive/MyDrive/newstart_ai/data/raw/uscis/i-140g.pdf,USCIS,I-140,form,,True
129,i-566.pdf,/content/drive/MyDrive/newstart_ai/data/raw/uscis/i-566.pdf,USCIS,I-566,form,,True
130,i-9-spanish.pdf,/content/drive/MyDrive/newstart_ai/data/raw/uscis/i-9-spanish.pdf,USCIS,I-9,translated_form,,True
131,i9-INS-Spanish.pdf,/content/drive/MyDrive/newstart_ai/data/raw/uscis/i9-INS-Spanish.pdf,USCIS,,translated_form,,True
132,m-735.pdf,/content/drive/MyDrive/newstart_ai/data/raw/uscis/m-735.pdf,USCIS,M-735,form,,True
133,g-884instr.pdf,/content/drive/MyDrive/newstart_ai/data/raw/uscis/g-884instr.pdf,USCIS,G-884,instructions,,True
134,i-800ainstr.pdf,/content/drive/MyDrive/newstart_ai/data/raw/uscis/i-800ainstr.pdf,USCIS,I-800,instructions,,True
135,I-589%20Instructions_PT.pdf,/content/drive/MyDrive/newstart_ai/data/raw/uscis/I-589%20Instructions_PT.pdf,USCIS,I-589,instructions,,True
136,g-1041ainstr.pdf,/content/drive/MyDrive/newstart_ai/data/raw/uscis/g-1041ainstr.pdf,USCIS,G-1041,instructions,,True
137,m-746.pdf,/content/drive/MyDrive/newstart_ai/data/raw/uscis/m-746.pdf,USCIS,M-746,form,,True
138,i-191instr.pdf,/content/drive/MyDrive/newstart_ai/data/raw/uscis/i-191instr.pdf,USCIS,I-191,instructions,,True
139,g-1450.pdf,/content/drive/MyDrive/newstart_ai/data/raw/uscis/g-1450.pdf,USCIS,G-1450,form,,True
140,i-907instr.pdf,/content/drive/MyDrive/newstart_ai/data/raw/uscis/i-907instr.pdf,USCIS,I-907,instructions,,True
141,i-687.pdf,/content/drive/MyDrive/newstart_ai/data/raw/uscis/i-687.pdf,USCIS,I-687,form,,True
142,i-865.pdf,/content/drive/MyDrive/newstart_ai/data/raw/uscis/i-865.pdf,USCIS,I-865,form,,True
143,i-485.pdf,/content/drive/MyDrive/newstart_ai/data/raw/uscis/i-485.pdf,USCIS,I-485,form,,True
144,i-821d.pdf,/content/drive/MyDrive/newstart_ai/data/raw/uscis/i-821d.pdf,USCIS,I-821,form,,True
145,i-363.pdf,/content/drive/MyDrive/newstart_ai/data/raw/uscis/i-363.pdf,USCIS,I-363,form,,True
146,i-914instr.pdf,/content/drive/MyDrive/newstart_ai/data/raw/uscis/i-914instr.pdf,USCIS,I-914,instructions,,True
147,g-28instr.pdf,/content/drive/MyDrive/newstart_ai/data/raw/uscis/g-28instr.pdf,USCIS,G-28,instructions,,True
148,i-821instr.pdf,/content/drive/MyDrive/newstart_ai/data/raw/uscis/i-821instr.pdf,USCIS,I-821,instructions,,True
149,I-864a.pdf,/content/drive/MyDrive/newstart_ai/data/raw/uscis/I-864a.pdf,USCIS,I-864,form,,True
150,i-600.pdf,/content/drive/MyDrive/newstart_ai/data/raw/uscis/i-600.pdf,USCIS,I-600,form,,True
151,i-945instr.pdf,/content/drive/MyDrive/newstart_ai/data/raw/uscis/i-945instr.pdf,USCIS,I-945,instructions,,True
152,i-407.pdf,/content/drive/MyDrive/newstart_ai/data/raw/uscis/i-407.pdf,USCIS,I-407,form,,True
153,i-601achecklist_viet.pdf,/content/drive/MyDrive/newstart_ai/data/raw/uscis/i-601achecklist_viet.pdf,USCIS,I-601,checklist,,True
154,I-589%20Instructions_PSH.pdf,/content/drive/MyDrive/newstart_ai/data/raw/uscis/I-589%20Instructions_PSH.pdf,USCIS,I-589,instructions,,True
155,i-956.pdf,/content/drive/MyDrive/newstart_ai/data/raw/uscis/i-956.pdf,USCIS,I-956,form,,True
156,i-601achecklist_english.pdf,/content/drive/MyDrive/newstart_ai/data/raw/uscis/i-601achecklist_english.pdf,USCIS,I-601,checklist,,True
157,i-821dinstr.pdf,/content/drive/MyDrive/newstart_ai/data/raw/uscis/i-821dinstr.pdf,USCIS,I-821,instructions,,True
158,i-526e.pdf,/content/drive/MyDrive/newstart_ai/data/raw/uscis/i-526e.pdf,USCIS,I-526,form,,True
159,i-131a.pdf,/content/drive/MyDrive/newstart_ai/data/raw/uscis/i-131a.pdf,USCIS,I-131,form,,True
160,i-356.pdf,/content/drive/MyDrive/newstart_ai/data/raw/uscis/i-356.pdf,USCIS,I-356,form,,True
161,i-905instr.pdf,/content/drive/MyDrive/newstart_ai/data/raw/uscis/i-905instr.pdf,USCIS,I-905,instructions,,True
162,g-1041a.pdf,/content/drive/MyDrive/newstart_ai/data/raw/uscis/g-1041a.pdf,USCIS,G-1041,form,,True
163,i-600instr.pdf,/content/drive/MyDrive/newstart_ai/data/raw/uscis/i-600instr.pdf,USCIS,I-600,instructions,,True
164,i-485supainstr.pdf,/content/drive/MyDrive/newstart_ai/data/raw/uscis/i-485supainstr.pdf,USCIS,I-485,instructions,,True
165,I-589%20Form%20with%20Watermark_DAR.pdf,/content/drive/MyDrive/newstart_ai/data/raw/uscis/I-589%20Form%20with%20Watermark_DAR.pdf,USCIS,I-589,form,,True
166,i-800sup1.pdf,/content/drive/MyDrive/newstart_ai/data/raw/uscis/i-800sup1.pdf,USCIS,I-800,supplement,,True
167,i-102.pdf,/content/drive/MyDrive/newstart_ai/data/raw/uscis/i-102.pdf,USCIS,I-102,form,,True
168,I-589%20Form%20with%20Watermark_RU.pdf,/content/drive/MyDrive/newstart_ai/data/raw/uscis/I-589%20Form%20with%20Watermark_RU.pdf,USCIS,I-589,form,,True
169,i-730instr.pdf,/content/drive/MyDrive/newstart_ai/data/raw/uscis/i-730instr.pdf,USCIS,I-730,instructions,,True
170,I-589%20Form%20with%20Watermark_AR.pdf,/content/drive/MyDrive/newstart_ai/data/raw/uscis/I-589%20Form%20with%20Watermark_AR.pdf,USCIS,I-589,form,,True
171,i-800asup3.pdf,/content/drive/MyDrive/newstart_ai/data/raw/uscis/i-800asup3.pdf,USCIS,I-800,supplement,,True
172,i-864ainstr.pdf,/content/drive/MyDrive/newstart_ai/data/raw/uscis/i-864ainstr.pdf,USCIS,I-864,instructions,,True
173,i-854instr.pdf,/content/drive/MyDrive/newstart_ai/data/raw/uscis/i-854instr.pdf,USCIS,I-854,instructions,,True
174,g-28i.pdf,/content/drive/MyDrive/newstart_ai/data/raw/uscis/g-28i.pdf,USCIS,G-28,form,,True
175,i-690.pdf,/content/drive/MyDrive/newstart_ai/data/raw/uscis/i-690.pdf,USCIS,I-690,form,,True
176,i-90.pdf,/content/drive/MyDrive/newstart_ai/data/raw/uscis/i-90.pdf,USCIS,I-90,form,,True
177,i-817.pdf,/content/drive/MyDrive/newstart_ai/data/raw/uscis/i-817.pdf,USCIS,I-817,form,,True
178,I-589%20Instruction_AR.pdf,/content/drive/MyDrive/newstart_ai/data/raw/uscis/I-589%20Instruction_AR.pdf,USCIS,I-589,instructions,,True
179,i-131ainstr.pdf,/content/drive/MyDrive/newstart_ai/data/raw/uscis/i-131ainstr.pdf,USCIS,I-131,instructions,,True
180,n-600kinstr.pdf,/content/drive/MyDrive/newstart_ai/data/raw/uscis/n-600kinstr.pdf,USCIS,N-600,instructions,,True
181,i-601a.pdf,/content/drive/MyDrive/newstart_ai/data/raw/uscis/i-601a.pdf,USCIS,I-601,form,,True
182,i-192instr.pdf,/content/drive/MyDrive/newstart_ai/data/raw/uscis/i-192instr.pdf,USCIS,I-192,instructions,,True
183,i-914supa.pdf,/content/drive/MyDrive/newstart_ai/data/raw/uscis/i-914supa.pdf,USCIS,I-914,supplement,,True
184,i-945.pdf,/content/drive/MyDrive/newstart_ai/data/raw/uscis/i-945.pdf,USCIS,I-945,form,,True
185,i-485supa.pdf,/content/drive/MyDrive/newstart_ai/data/raw/uscis/i-485supa.pdf,USCIS,I-485,supplement,,True
186,i-800a.pdf,/content/drive/MyDrive/newstart_ai/data/raw/uscis/i-800a.pdf,USCIS,I-800,form,,True
187,g-325r.pdf,/content/drive/MyDrive/newstart_ai/data/raw/uscis/g-325r.pdf,USCIS,G-325,form,,True
188,m-1097.pdf,/content/drive/MyDrive/newstart_ai/data/raw/uscis/m-1097.pdf,USCIS,M-1097,form,,True
189,i-290b.pdf,/content/drive/MyDrive/newstart_ai/data/raw/uscis/i-290b.pdf,USCIS,I-290,form,,True
190,n-600instr.pdf,/content/drive/MyDrive/newstart_ai/data/raw/uscis/n-600instr.pdf,USCIS,N-600,instructions,,True
191,i-485instr.pdf,/content/drive/MyDrive/newstart_ai/data/raw/uscis/i-485instr.pdf,USCIS,I-485,instructions,,True
192,i-290binstr.pdf,/content/drive/MyDrive/newstart_ai/data/raw/uscis/i-290binstr.pdf,USCIS,I-290,instructions,,True
193,i-601achecklist_spanish.pdf,/content/drive/MyDrive/newstart_ai/data/raw/uscis/i-601achecklist_spanish.pdf,USCIS,I-601,checklist,,True
194,i-956ginstr.pdf,/content/drive/MyDrive/newstart_ai/data/raw/uscis/i-956ginstr.pdf,USCIS,I-956,instructions,,True
195,g-1650.pdf,/content/drive/MyDrive/newstart_ai/data/raw/uscis/g-1650.pdf,USCIS,G-1650,form,,True
196,i-912.pdf,/content/drive/MyDrive/newstart_ai/data/raw/uscis/i-912.pdf,USCIS,I-912,form,,True
197,i-956k.pdf,/content/drive/MyDrive/newstart_ai/data/raw/uscis/i-956k.pdf,USCIS,I-956,form,,True
198,g-325ainstr.pdf,/content/drive/MyDrive/newstart_ai/data/raw/uscis/g-325ainstr.pdf,USCIS,G-325,instructions,,True
199,i-864ezinstr.pdf,/content/drive/MyDrive/newstart_ai/data/raw/uscis/i-864ezinstr.pdf,USCIS,I-864,instructions,,True
200,i-140instr.pdf,/content/drive/MyDrive/newstart_ai/data/raw/uscis/i-140instr.pdf,USCIS,I-140,instructions,,True
201,i-601achecklist_simchinese.pdf,/content/drive/MyDrive/newstart_ai/data/raw/uscis/i-601achecklist_simchinese.pdf,USCIS,I-601,checklist,,True
202,n-400instr.pdf,/content/drive/MyDrive/newstart_ai/data/raw/uscis/n-400instr.pdf,USCIS,N-400,instructions,,True
203,i-905.pdf,/content/drive/MyDrive/newstart_ai/data/raw/uscis/i-905.pdf,USCIS,I-905,form,,True
204,g-1145.pdf,/content/drive/MyDrive/newstart_ai/data/raw/uscis/g-1145.pdf,USCIS,G-1145,form,,True
205,I-589%20Form%20with%20Watermark_CH.pdf,/content/drive/MyDrive/newstart_ai/data/raw/uscis/I-589%20Form%20with%20Watermark_CH.pdf,USCIS,I-589,form,,True
206,i-914supbinstr.pdf,/content/drive/MyDrive/newstart_ai/data/raw/uscis/i-914supbinstr.pdf,USCIS,I-914,instructions,,True
207,I-589%20Form%20with%20Watermark_PT.pdf,/content/drive/MyDrive/newstart_ai/data/raw/uscis/I-589%20Form%20with%20Watermark_PT.pdf,USCIS,I-589,form,,True
208,i-854a.pdf,/content/drive/MyDrive/newstart_ai/data/raw/uscis/i-854a.pdf,USCIS,I-854,form,,True
209,g-1566.pdf,/content/drive/MyDrive/newstart_ai/data/raw/uscis/g-1566.pdf,USCIS,G-1566,form,,True
210,I-589%20Form%20with%20Watermark_PSH.pdf,/content/drive/MyDrive/newstart_ai/data/raw/uscis/I-589%20Form%20with%20Watermark_PSH.pdf,USCIS,I-589,form,,True
211,i-912instr.pdf,/content/drive/MyDrive/newstart_ai/data/raw/uscis/i-912instr.pdf,USCIS,I-912,instructions,,True
212,i-864ez.pdf,/content/drive/MyDrive/newstart_ai/data/raw/uscis/i-864ez.pdf,USCIS,I-864,form,,True
213,i-526einstr.pdf,/content/drive/MyDrive/newstart_ai/data/raw/uscis/i-526einstr.pdf,USCIS,I-526,instructions,,True
214,i-601ainstr.pdf,/content/drive/MyDrive/newstart_ai/data/raw/uscis/i-601ainstr.pdf,USCIS,I-601,instructions,,True
215,i-566instr.pdf,/content/drive/MyDrive/newstart_ai/data/raw/uscis/i-566instr.pdf,USCIS,I-566,instructions,,True
216,i-539.pdf,/content/drive/MyDrive/newstart_ai/data/raw/uscis/i-539.pdf,USCIS,I-539,form,,True
217,i-130a.pdf,/content/drive/MyDrive/newstart_ai/data/raw/uscis/i-130a.pdf,USCIS,I-130,form,,True
218,n-648.pdf,/content/drive/MyDrive/newstart_ai/data/raw/uscis/n-648.pdf,USCIS,N-648,form,,True
219,i-864.pdf,/content/drive/MyDrive/newstart_ai/data/raw/uscis/i-864.pdf,USCIS,I-864,form,,True
220,i-129sinstr.pdf,/content/drive/MyDrive/newstart_ai/data/raw/uscis/i-129sinstr.pdf,USCIS,I-129,instructions,,True
221,i-910instr.pdf,/content/drive/MyDrive/newstart_ai/data/raw/uscis/i-910instr.pdf,USCIS,I-910,instructions,,True
222,g-884.pdf,/content/drive/MyDrive/newstart_ai/data/raw/uscis/g-884.pdf,USCIS,G-884,form,,True
223,i-956h.pdf,/content/drive/MyDrive/newstart_ai/data/raw/uscis/i-956h.pdf,USCIS,I-956,form,,True
224,i-918supa.pdf,/content/drive/MyDrive/newstart_ai/data/raw/uscis/i-918supa.pdf,USCIS,I-918,supplement,,True
225,i-918supb.pdf,/content/drive/MyDrive/newstart_ai/data/raw/uscis/i-918supb.pdf,USCIS,I-918,supplement,,True
226,i-191.pdf,/content/drive/MyDrive/newstart_ai/data/raw/uscis/i-191.pdf,USCIS,I-191,form,,True
227,n-648instr.pdf,/content/drive/MyDrive/newstart_ai/data/raw/uscis/n-648instr.pdf,USCIS,N-648,instructions,,True
228,i-600asup2.pdf,/content/drive/MyDrive/newstart_ai/data/raw/uscis/i-600asup2.pdf,USCIS,I-600,supplement,,True
229,i-765vinstr.pdf,/content/drive/MyDrive/newstart_ai/data/raw/uscis/i-765vinstr.pdf,USCIS,I-765,instructions,,True
230,i-956f.pdf,/content/drive/MyDrive/newstart_ai/data/raw/uscis/i-956f.pdf,USCIS,I-956,form,,True
231,i-9.pdf,/content/drive/MyDrive/newstart_ai/data/raw/uscis/i-9.pdf,USCIS,I-9,form,,True
232,i-363instr.pdf,/content/drive/MyDrive/newstart_ai/data/raw/uscis/i-363instr.pdf,USCIS,I-363,instructions,,True
233,I-589%20Instructions_VI.pdf,/content/drive/MyDrive/newstart_ai/data/raw/uscis/I-589%20Instructions_VI.pdf,USCIS,I-589,instructions,,True
234,i-956kinstr.pdf,/content/drive/MyDrive/newstart_ai/data/raw/uscis/i-956kinstr.pdf,USCIS,I-956,instructions,,True
235,i-687instr.pdf,/content/drive/MyDrive/newstart_ai/data/raw/uscis/i-687instr.pdf,USCIS,I-687,instructions,,True
236,m-1087.pdf,/content/drive/MyDrive/newstart_ai/data/raw/uscis/m-1087.pdf,USCIS,M-1087,form,,True
237,n-565.pdf,/content/drive/MyDrive/newstart_ai/data/raw/uscis/n-565.pdf,USCIS,N-565,form,,True
238,i-881.pdf,/content/drive/MyDrive/newstart_ai/data/raw/uscis/i-881.pdf,USCIS,I-881,form,,True
239,i-864instr.pdf,/content/drive/MyDrive/newstart_ai/data/raw/uscis/i-864instr.pdf,USCIS,I-864,instructions,,True
240,i-956instr.pdf,/content/drive/MyDrive/newstart_ai/data/raw/uscis/i-956instr.pdf,USCIS,I-956,instructions,,True
241,i-601achecklist_kor.pdf,/content/drive/MyDrive/newstart_ai/data/raw/uscis/i-601achecklist_kor.pdf,USCIS,I-601,checklist,,True
242,i-129.pdf,/content/drive/MyDrive/newstart_ai/data/raw/uscis/i-129.pdf,USCIS,I-129,form,,True
243,n-600.pdf,/content/drive/MyDrive/newstart_ai/data/raw/uscis/n-600.pdf,USCIS,N-600,form,,True
244,i-929instr.pdf,/content/drive/MyDrive/newstart_ai/data/raw/uscis/i-929instr.pdf,USCIS,I-929,instructions,,True
245,i-800asup1.pdf,/content/drive/MyDrive/newstart_ai/data/raw/uscis/i-800asup1.pdf,USCIS,I-800,supplement,,True
246,I-589%20Instructions_FR.pdf,/content/drive/MyDrive/newstart_ai/data/raw/uscis/I-589%20Instructions_FR.pdf,USCIS,I-589,instructions,,True
247,I-589%20Instructions_ES.pdf,/content/drive/MyDrive/newstart_ai/data/raw/uscis/I-589%20Instructions_ES.pdf,USCIS,I-589,instructions,,True
248,I-589%20Instructions_HC.pdf,/content/drive/MyDrive/newstart_ai/data/raw/uscis/I-589%20Instructions_HC.pdf,USCIS,I-589,instructions,,True
249,i-929.pdf,/content/drive/MyDrive/newstart_ai/data/raw/uscis/i-929.pdf,USCIS,I-929,form,,True
250,g-1650instr.pdf,/content/drive/MyDrive/newstart_ai/data/raw/uscis/g-1650instr.pdf,USCIS,G-1650,instructions,,True
251,g-1256.pdf,/content/drive/MyDrive/newstart_ai/data/raw/uscis/g-1256.pdf,USCIS,G-1256,form,,True
252,i-693.pdf,/content/drive/MyDrive/newstart_ai/data/raw/uscis/i-693.pdf,USCIS,I-693,form,,True
253,n-300instr.pdf,/content/drive/MyDrive/newstart_ai/data/raw/uscis/n-300instr.pdf,USCIS,N-300,instructions,,True
254,i-360.pdf,/content/drive/MyDrive/newstart_ai/data/raw/uscis/i-360.pdf,USCIS,I-360,form,,True
255,i-601.pdf,/content/drive/MyDrive/newstart_ai/data/raw/uscis/i-601.pdf,USCIS,I-601,form,,True
256,i-140.pdf,/content/drive/MyDrive/newstart_ai/data/raw/uscis/i-140.pdf,USCIS,I-140,form,,True
257,statement-of-multiple-county-use-of-vehicle-reg-6004.pdf,/content/drive/MyDrive/newstart_ai/data/raw/dmv/statement-of-multiple-county-use-of-vehicle-reg-6004.pdf,DMV,,form,,True
258,traffic-violator-school-foreign-language-approval-request.pdf,/content/drive/MyDrive/newstart_ai/data/raw/dmv/traffic-violator-school-foreign-language-approval-request.pdf,DMV,,form,,True
259,motorized-bicycle-instructions-application-reg-230.pdf,/content/drive/MyDrive/newstart_ai/data/raw/dmv/motorized-bicycle-instructions-application-reg-230.pdf,DMV,,form,,True
260,request-for-vehicle-vessel-automated-record-information-inf-1123.pdf,/content/drive/MyDrive/newstart_ai/data/raw/dmv/request-for-vehicle-vessel-automated-record-information-inf-1123.pdf,DMV,,form,,True
261,renewal-list.pdf,/content/drive/MyDrive/newstart_ai/data/raw/dmv/renewal-list.pdf,DMV,,form,,True
262,traffic-violator-school-branch-business-office-classroom-application-ol-712-pdf.pdf,/content/drive/MyDrive/newstart_ai/data/raw/dmv/traffic-violator-school-branch-business-office-classroom-application-ol-712-pdf.pdf,DMV,,form,,True
263,notification-of-class-schedule-ol-854e.pdf,/content/drive/MyDrive/newstart_ai/data/raw/dmv/notification-of-class-schedule-ol-854e.pdf,DMV,,form,,True
264,notice-of-change-of-address.pdf,/content/drive/MyDrive/newstart_ai/data/raw/dmv/notice-of-change-of-address.pdf,DMV,,form,,True
265,salvage-vehicle-notice-of-retention-by-owner-reg-481.pdf,/content/drive/MyDrive/newstart_ai/data/raw/dmv/salvage-vehicle-notice-of-retention-by-owner-reg-481.pdf,DMV,,form,,True
266,notice-of-intent-to-dispose-of-a-vehicle-valued-500-or-less-removed-by-a-public-agency-for-reasons-other-than-abandonment-reg-684.pdf,/content/drive/MyDrive/newstart_ai/data/raw/dmv/notice-of-intent-to-dispose-of-a-vehicle-valued-500-or-less-removed-by-a-public-agency-for-reasons-other-than-abandonment-reg-684.pdf,DMV,,form,,True
267,application-for-disabled-person-placard-or-plates-reg-195.pdf,/content/drive/MyDrive/newstart_ai/data/raw/dmv/application-for-disabled-person-placard-or-plates-reg-195.pdf,DMV,,form,,True
268,sample-license-plate-order-form-reg-580.pdf,/content/drive/MyDrive/newstart_ai/data/raw/dmv/sample-license-plate-order-form-reg-580.pdf,DMV,,form,,True
269,official-school-class-cancellation-for-standard-emergency-notification-ol-749.pdf,/content/drive/MyDrive/newstart_ai/data/raw/dmv/official-school-class-cancellation-for-standard-emergency-notification-ol-749.pdf,DMV,,form,,True
270,business-partner-automation-renewal-application-reg-5056.pdf,/content/drive/MyDrive/newstart_ai/data/raw/dmv/business-partner-automation-renewal-application-reg-5056.pdf,DMV,,form,,True
271,verification-authorization-thai-dl-93-th.pdf,/content/drive/MyDrive/newstart_ai/data/raw/dmv/verification-authorization-thai-dl-93-th.pdf,DMV,,form,,True
272,occupational-licensing-section-notification-of-commercial-skills-test-schedule-ol-810.pdf,/content/drive/MyDrive/newstart_ai/data/raw/dmv/occupational-licensing-section-notification-of-commercial-skills-test-schedule-ol-810.pdf,DMV,,form,,True
273,notification-of-alternative-forms-of-financial-responsibility-reg-5085.pdf,/content/drive/MyDrive/newstart_ai/data/raw/dmv/notification-of-alternative-forms-of-financial-responsibility-reg-5085.pdf,DMV,,form,,True
274,occupational-license-notice-of-reinstatement-ol-4008.pdf,/content/drive/MyDrive/newstart_ai/data/raw/dmv/occupational-license-notice-of-reinstatement-ol-4008.pdf,DMV,,form,,True
275,application-for-return-of-non-resident-plates-reg-356.pdf,/content/drive/MyDrive/newstart_ai/data/raw/dmv/application-for-return-of-non-resident-plates-reg-356.pdf,DMV,,form,,True
276,traffic-violator-school-quarterly-report-ol-850.pdf,/content/drive/MyDrive/newstart_ai/data/raw/dmv/traffic-violator-school-quarterly-report-ol-850.pdf,DMV,,form,,True
277,application-for-vessel-certificate-of-number-boat-101.pdf,/content/drive/MyDrive/newstart_ai/data/raw/dmv/application-for-vessel-certificate-of-number-boat-101.pdf,DMV,,form,,True
278,request-for-closure-of-employer-pull-notice-account-form-and-instructions-inf-1112.pdf,/content/drive/MyDrive/newstart_ai/data/raw/dmv/request-for-closure-of-employer-pull-notice-account-form-and-instructions-inf-1112.pdf,DMV,,form,,True
279,permanent-fleet-registration-addition-deletion-mc-495-p.pdf,/content/drive/MyDrive/newstart_ai/data/raw/dmv/permanent-fleet-registration-addition-deletion-mc-495-p.pdf,DMV,,form,,True
280,annual-report-of-autonomous-vehicle-disengagement-ol-311r.pdf,/content/drive/MyDrive/newstart_ai/data/raw/dmv/annual-report-of-autonomous-vehicle-disengagement-ol-311r.pdf,DMV,,form,,True
281,motor-carrier-permit-application-instruction-dmv-706.pdf,/content/drive/MyDrive/newstart_ai/data/raw/dmv/motor-carrier-permit-application-instruction-dmv-706.pdf,DMV,,form,,True
282,traffic-violator-school-voluntary-attendance-consumer-disclosure-statement-ol-732.pdf,/content/drive/MyDrive/newstart_ai/data/raw/dmv/traffic-violator-school-voluntary-attendance-consumer-disclosure-statement-ol-732.pdf,DMV,,form,,True
283,attorneys-information-request-vehicle-vessel-related-incidents-only-inf-1161e.pdf,/content/drive/MyDrive/newstart_ai/data/raw/dmv/attorneys-information-request-vehicle-vessel-related-incidents-only-inf-1161e.pdf,DMV,,form,,True
284,application-for-authorization-to-issue-student-license-ol-804.pdf,/content/drive/MyDrive/newstart_ai/data/raw/dmv/application-for-authorization-to-issue-student-license-ol-804.pdf,DMV,,form,,True
285,autonomous-vehicle-tester-avt-program-application-for-certificate-of-self-insurance-ol-319.pdf,/content/drive/MyDrive/newstart_ai/data/raw/dmv/autonomous-vehicle-tester-avt-program-application-for-certificate-of-self-insurance-ol-319.pdf,DMV,,form,,True
286,application-for-replacement-or-transfer-vessel-title.pdf,/content/drive/MyDrive/newstart_ai/data/raw/dmv/application-for-replacement-or-transfer-vessel-title.pdf,DMV,,form,,True
287,ol-400.pdf,/content/drive/MyDrive/newstart_ai/data/raw/dmv/ol-400.pdf,DMV,,form,,True
288,bill-of-sale-reg-135-pdf.pdf,/content/drive/MyDrive/newstart_ai/data/raw/dmv/bill-of-sale-reg-135-pdf.pdf,DMV,,form,,True
289,non-repairable-vehicle-notice-of-retention-by-owner-reg-480.pdf,/content/drive/MyDrive/newstart_ai/data/raw/dmv/non-repairable-vehicle-notice-of-retention-by-owner-reg-480.pdf,DMV,,form,,True
290,notice-of-pending-lien-sale-for-vessels-or-vessel-trailers-valued-at-1500-or-less-boat-156.pdf,/content/drive/MyDrive/newstart_ai/data/raw/dmv/notice-of-pending-lien-sale-for-vessels-or-vessel-trailers-valued-at-1500-or-less-boat-156.pdf,DMV,,form,,True
291,dealer-education-certificate-issuance-log-pre-licensing-ol-4005.pdf,/content/drive/MyDrive/newstart_ai/data/raw/dmv/dealer-education-certificate-issuance-log-pre-licensing-ol-4005.pdf,DMV,,form,,True
292,state-agency-sponsored-specialized-license-plate-application-reg-5102.pdf,/content/drive/MyDrive/newstart_ai/data/raw/dmv/state-agency-sponsored-specialized-license-plate-application-reg-5102.pdf,DMV,,form,,True
293,school-bus-registration-or-permit-application-reg-123.pdf,/content/drive/MyDrive/newstart_ai/data/raw/dmv/school-bus-registration-or-permit-application-reg-123.pdf,DMV,,form,,True
294,eeo-discrimination-complaint-confidential-exec-50.pdf,/content/drive/MyDrive/newstart_ai/data/raw/dmv/eeo-discrimination-complaint-confidential-exec-50.pdf,DMV,,form,,True
295,financial-responsibility-information-request-sr-19c.pdf,/content/drive/MyDrive/newstart_ai/data/raw/dmv/financial-responsibility-information-request-sr-19c.pdf,DMV,,form,,True
296,autonomous-vehicle-deployment-checklist-ol-321c.pdf,/content/drive/MyDrive/newstart_ai/data/raw/dmv/autonomous-vehicle-deployment-checklist-ol-321c.pdf,DMV,,form,,True
297,vehicle-vessel-or-off-highway-vehicle-title-deposit-agreement-and-assignment-reg-5059.pdf,/content/drive/MyDrive/newstart_ai/data/raw/dmv/vehicle-vessel-or-off-highway-vehicle-title-deposit-agreement-and-assignment-reg-5059.pdf,DMV,,form,,True
298,dui-program-signatory-authority-dl-101s.pdf,/content/drive/MyDrive/newstart_ai/data/raw/dmv/dui-program-signatory-authority-dl-101s.pdf,DMV,,form,,True
299,dealer-statement-of-facts-reg-477.pdf,/content/drive/MyDrive/newstart_ai/data/raw/dmv/dealer-statement-of-facts-reg-477.pdf,DMV,,form,,True
300,declaration-of-gvw-cgw-reg-4008-pdf.pdf,/content/drive/MyDrive/newstart_ai/data/raw/dmv/declaration-of-gvw-cgw-reg-4008-pdf.pdf,DMV,,form,,True
301,statement-to-record-ownership-reg-101.pdf,/content/drive/MyDrive/newstart_ai/data/raw/dmv/statement-to-record-ownership-reg-101.pdf,DMV,,form,,True
302,ignition-interlock-device-iid-medical-exemption-request-dl-4063.pdf,/content/drive/MyDrive/newstart_ai/data/raw/dmv/ignition-interlock-device-iid-medical-exemption-request-dl-4063.pdf,DMV,,form,,True
303,certification-of-agency-inf-1184.pdf,/content/drive/MyDrive/newstart_ai/data/raw/dmv/certification-of-agency-inf-1184.pdf,DMV,,form,,True
304,certificate-of-facts-re-unsatisfied-judgment.pdf,/content/drive/MyDrive/newstart_ai/data/raw/dmv/certificate-of-facts-re-unsatisfied-judgment.pdf,DMV,,form,,True
305,certification-of-lien-sale-for-vessel-or-vessel-with-trailer-valued-over-1500-boat-178.pdf,/content/drive/MyDrive/newstart_ai/data/raw/dmv/certification-of-lien-sale-for-vessel-or-vessel-with-trailer-valued-over-1500-boat-178.pdf,DMV,,form,,True
306,application-for-title-or-registration-verification-of-vehicle-reg-343.pdf,/content/drive/MyDrive/newstart_ai/data/raw/dmv/application-for-title-or-registration-verification-of-vehicle-reg-343.pdf,DMV,,form,,True
307,notice-of-pending-lien-sale-for-vessels-or-vessel-trailers-valued-at-1500-or-less-boat-156-2.pdf,/content/drive/MyDrive/newstart_ai/data/raw/dmv/notice-of-pending-lien-sale-for-vessels-or-vessel-trailers-valued-at-1500-or-less-boat-156-2.pdf,DMV,,form,,True
308,vessel-agent-supply-order-form-ol-857.pdf,/content/drive/MyDrive/newstart_ai/data/raw/dmv/vessel-agent-supply-order-form-ol-857.pdf,DMV,,form,,True
309,california-identification-card-renewal-by-mail-eligibility-dl-410-id.pdf,/content/drive/MyDrive/newstart_ai/data/raw/dmv/california-identification-card-renewal-by-mail-eligibility-dl-410-id.pdf,DMV,,form,,True
310,commercial-requester-account-bond-inf-1132.pdf,/content/drive/MyDrive/newstart_ai/data/raw/dmv/commercial-requester-account-bond-inf-1132.pdf,DMV,,form,,True
311,certification-for-disabled-veterans-license-plates-reg-256v.pdf,/content/drive/MyDrive/newstart_ai/data/raw/dmv/certification-for-disabled-veterans-license-plates-reg-256v.pdf,DMV,,form,,True
312,california-identification-card-renewal-by-mail-eligibility.pdf,/content/drive/MyDrive/newstart_ai/data/raw/dmv/california-identification-card-renewal-by-mail-eligibility.pdf,DMV,,form,,True
313,dismissal-for-reason-involving-pupil-transportation-safety-dl-128.pdf,/content/drive/MyDrive/newstart_ai/data/raw/dmv/dismissal-for-reason-involving-pupil-transportation-safety-dl-128.pdf,DMV,,form,,True
314,notice-removal-of-abandoned-vehicle-reg-104.pdf,/content/drive/MyDrive/newstart_ai/data/raw/dmv/notice-removal-of-abandoned-vehicle-reg-104.pdf,DMV,,form,,True
315,permanent-trailer-identification-certification-reg-4017.pdf,/content/drive/MyDrive/newstart_ai/data/raw/dmv/permanent-trailer-identification-certification-reg-4017.pdf,DMV,,form,,True
316,application-for-vehicle-license-fee-refund-reg-65.pdf,/content/drive/MyDrive/newstart_ai/data/raw/dmv/application-for-vehicle-license-fee-refund-reg-65.pdf,DMV,,form,,True
317,application-for-replacement-or-transfer-of-title-reg-227.pdf,/content/drive/MyDrive/newstart_ai/data/raw/dmv/application-for-replacement-or-transfer-of-title-reg-227.pdf,DMV,,form,,True
318,application-for-salvage-certificate-or-nonrepairable-vehicle-certificate-reg-488c.pdf,/content/drive/MyDrive/newstart_ai/data/raw/dmv/application-for-salvage-certificate-or-nonrepairable-vehicle-certificate-reg-488c.pdf,DMV,,form,,True
319,business-partner-deposit-agreement-and-assignment-reg-4029.pdf,/content/drive/MyDrive/newstart_ai/data/raw/dmv/business-partner-deposit-agreement-and-assignment-reg-4029.pdf,DMV,,form,,True
320,california-commercial-driver-license-self-certification-form-dl-694.pdf,/content/drive/MyDrive/newstart_ai/data/raw/dmv/california-commercial-driver-license-self-certification-form-dl-694.pdf,DMV,,form,,True
321,authorization-for-release-of-driver-record-information-inf-1101.pdf,/content/drive/MyDrive/newstart_ai/data/raw/dmv/authorization-for-release-of-driver-record-information-inf-1101.pdf,DMV,,form,,True
322,disabled-person-or-disabled-veteran-license-plate-certification-form-reg-3060.pdf,/content/drive/MyDrive/newstart_ai/data/raw/dmv/disabled-person-or-disabled-veteran-license-plate-certification-form-reg-3060.pdf,DMV,,form,,True
323,ds-334.pdf,/content/drive/MyDrive/newstart_ai/data/raw/dmv/ds-334.pdf,DMV,,form,,True
324,application-for-special-identification-plate-dealer-manufacturer-reg-353.pdf,/content/drive/MyDrive/newstart_ai/data/raw/dmv/application-for-special-identification-plate-dealer-manufacturer-reg-353.pdf,DMV,,form,,True
325,request-for-driver-reexamination-ds-699-sp-pdf.pdf,/content/drive/MyDrive/newstart_ai/data/raw/dmv/request-for-driver-reexamination-ds-699-sp-pdf.pdf,DMV,,form,,True
326,application-for-tvs-administrator-change-ol-757.pdf,/content/drive/MyDrive/newstart_ai/data/raw/dmv/application-for-tvs-administrator-change-ol-757.pdf,DMV,,form,,True
327,revised-miscellaneous-certifications-reg-256a.pdf,/content/drive/MyDrive/newstart_ai/data/raw/dmv/revised-miscellaneous-certifications-reg-256a.pdf,DMV,,form,,True
328,declaration-regarding-certificate-of-insurance-for-non-resident-driver-dl-300.pdf,/content/drive/MyDrive/newstart_ai/data/raw/dmv/declaration-regarding-certificate-of-insurance-for-non-resident-driver-dl-300.pdf,DMV,,form,,True
329,employer-testing-program-commercial-dpe-maneuver-checklist-dl-807-etp.pdf,/content/drive/MyDrive/newstart_ai/data/raw/dmv/employer-testing-program-commercial-dpe-maneuver-checklist-dl-807-etp.pdf,DMV,,form,,True
330,request-for-cancellation-or-surrender-of-a-driver-license-or-identification-card-dl-142.pdf,/content/drive/MyDrive/newstart_ai/data/raw/dmv/request-for-cancellation-or-surrender-of-a-driver-license-or-identification-card-dl-142.pdf,DMV,,form,,True
331,certificate-of-insurance-irp-or-pfr-mc-5009-i.pdf,/content/drive/MyDrive/newstart_ai/data/raw/dmv/certificate-of-insurance-irp-or-pfr-mc-5009-i.pdf,DMV,,form,,True
332,nonresident-military-nrm-exemption-statement-reg-5045.pdf,/content/drive/MyDrive/newstart_ai/data/raw/dmv/nonresident-military-nrm-exemption-statement-reg-5045.pdf,DMV,,form,,True
333,traffic-accident-record-correction-request-traffic-accident-information-only-dl-208.pdf,/content/drive/MyDrive/newstart_ai/data/raw/dmv/traffic-accident-record-correction-request-traffic-accident-information-only-dl-208.pdf,DMV,,form,,True
334,report-out-of-state-traffic-conviction-by-a-commercial-driver-dl-535.pdf,/content/drive/MyDrive/newstart_ai/data/raw/dmv/report-out-of-state-traffic-conviction-by-a-commercial-driver-dl-535.pdf,DMV,,form,,True
335,employer-testing-program-agreement-dl-520b-etp.pdf,/content/drive/MyDrive/newstart_ai/data/raw/dmv/employer-testing-program-agreement-dl-520b-etp.pdf,DMV,,form,,True
336,request-for-your-own-driver-license-identification-card-or-vehicle-vessel-registration-information-record-inf-1125.pdf,/content/drive/MyDrive/newstart_ai/data/raw/dmv/request-for-your-own-driver-license-identification-card-or-vehicle-vessel-registration-information-record-inf-1125.pdf,DMV,,form,,True
337,request-for-driver-reexamination-ds-699.pdf,/content/drive/MyDrive/newstart_ai/data/raw/dmv/request-for-driver-reexamination-ds-699.pdf,DMV,,form,,True
338,application-for-termination-of-action-dl-4006.pdf,/content/drive/MyDrive/newstart_ai/data/raw/dmv/application-for-termination-of-action-dl-4006.pdf,DMV,,form,,True
339,physicians-health-report-dl-546a.pdf,/content/drive/MyDrive/newstart_ai/data/raw/dmv/physicians-health-report-dl-546a.pdf,DMV,,form,,True
340,application-for-permit-to-deploy-autonomous-vehicles-ol321-on-public-streets.pdf,/content/drive/MyDrive/newstart_ai/data/raw/dmv/application-for-permit-to-deploy-autonomous-vehicles-ol321-on-public-streets.pdf,DMV,,form,,True
341,internet-security-agreement-certification-program-provider-administrator-dl-945.pdf,/content/drive/MyDrive/newstart_ai/data/raw/dmv/internet-security-agreement-certification-program-provider-administrator-dl-945.pdf,DMV,,form,,True
342,request-for-approval-of-tvs-operator-educational-training-program-ol-765.pdf,/content/drive/MyDrive/newstart_ai/data/raw/dmv/request-for-approval-of-tvs-operator-educational-training-program-ol-765.pdf,DMV,,form,,True
343,certificate-of-repossession-reg-119.pdf,/content/drive/MyDrive/newstart_ai/data/raw/dmv/certificate-of-repossession-reg-119.pdf,DMV,,form,,True
344,notice-of-transfer-and-release-of-liability-reg-138.pdf,/content/drive/MyDrive/newstart_ai/data/raw/dmv/notice-of-transfer-and-release-of-liability-reg-138.pdf,DMV,,form,,True
345,business-partner-automation-program-information-security-pre-implementation-checklist-exec-5555b.pdf,/content/drive/MyDrive/newstart_ai/data/raw/dmv/business-partner-automation-program-information-security-pre-implementation-checklist-exec-5555b.pdf,DMV,,form,,True
346,salesperson-license-renewal-application.pdf,/content/drive/MyDrive/newstart_ai/data/raw/dmv/salesperson-license-renewal-application.pdf,DMV,,form,,True
347,california-irp-vehicle-data-schedule-c-mc-2118i.pdf,/content/drive/MyDrive/newstart_ai/data/raw/dmv/california-irp-vehicle-data-schedule-c-mc-2118i.pdf,DMV,,form,,True
348,business-partner-automation-program-representative-non-disclosure-statement-reg-4028.pdf,/content/drive/MyDrive/newstart_ai/data/raw/dmv/business-partner-automation-program-representative-non-disclosure-statement-reg-4028.pdf,DMV,,form,,True
349,verification-of-vehicle-not-to-be-completed-by-applicant-reg-31.pdf,/content/drive/MyDrive/newstart_ai/data/raw/dmv/verification-of-vehicle-not-to-be-completed-by-applicant-reg-31.pdf,DMV,,form,,True
350,report-of-traffic-accident-occurring-in-california.pdf,/content/drive/MyDrive/newstart_ai/data/raw/dmv/report-of-traffic-accident-occurring-in-california.pdf,DMV,,form,,True
351,verification-authorization-process-dl-94.pdf,/content/drive/MyDrive/newstart_ai/data/raw/dmv/verification-authorization-process-dl-94.pdf,DMV,,form,,True
352,application-for-replacement-plates-stickers-documents-reg-156.pdf,/content/drive/MyDrive/newstart_ai/data/raw/dmv/application-for-replacement-plates-stickers-documents-reg-156.pdf,DMV,,form,,True
353,year-model-disclosure-statement-reg-5060.pdf,/content/drive/MyDrive/newstart_ai/data/raw/dmv/year-model-disclosure-statement-reg-5060.pdf,DMV,,form,,True
354,application-for-boat-registration-number-dealer-manufacturer-boat-101a.pdf,/content/drive/MyDrive/newstart_ai/data/raw/dmv/application-for-boat-registration-number-dealer-manufacturer-boat-101a.pdf,DMV,,form,,True
355,50000-bond-exemption-application-ol-56.pdf,/content/drive/MyDrive/newstart_ai/data/raw/dmv/50000-bond-exemption-application-ol-56.pdf,DMV,,form,,True
356,statement-of-facts-reg-256.pdf,/content/drive/MyDrive/newstart_ai/data/raw/dmv/statement-of-facts-reg-256.pdf,DMV,,form,,True
357,application-for-critical-need-restrisction-ds-694.pdf,/content/drive/MyDrive/newstart_ai/data/raw/dmv/application-for-critical-need-restrisction-ds-694.pdf,DMV,,form,,True
358,request-for-voluntary-withdrawal-private-carrier-of-passengers-certificate-reg-1308.pdf,/content/drive/MyDrive/newstart_ai/data/raw/dmv/request-for-voluntary-withdrawal-private-carrier-of-passengers-certificate-reg-1308.pdf,DMV,,form,,True
359,language-access-complaint-form-english-adm-140.pdf,/content/drive/MyDrive/newstart_ai/data/raw/dmv/language-access-complaint-form-english-adm-140.pdf,DMV,,form,,True
360,vessel-dealer-or-manufacturers-sales-tax-certification.pdf,/content/drive/MyDrive/newstart_ai/data/raw/dmv/vessel-dealer-or-manufacturers-sales-tax-certification.pdf,DMV,,form,,True
361,verification-authorization-process-khmer-dl-94-km.pdf,/content/drive/MyDrive/newstart_ai/data/raw/dmv/verification-authorization-process-khmer-dl-94-km.pdf,DMV,,form,,True
362,self-referral-for-reevaluation-of-driving-skill-ds-699a.pdf,/content/drive/MyDrive/newstart_ai/data/raw/dmv/self-referral-for-reevaluation-of-driving-skill-ds-699a.pdf,DMV,,form,,True
363,historical-vessel-plaque.pdf,/content/drive/MyDrive/newstart_ai/data/raw/dmv/historical-vessel-plaque.pdf,DMV,,form,,True
364,employer-testing-program-examiner-certification-application-dl-811-etp.pdf,/content/drive/MyDrive/newstart_ai/data/raw/dmv/employer-testing-program-examiner-certification-application-dl-811-etp.pdf,DMV,,form,,True
365,request-for-approval-of-tvs-educational-program-ol-764.pdf,/content/drive/MyDrive/newstart_ai/data/raw/dmv/request-for-approval-of-tvs-educational-program-ol-764.pdf,DMV,,form,,True
366,statement-of-construction-reg-5036.pdf,/content/drive/MyDrive/newstart_ai/data/raw/dmv/statement-of-construction-reg-5036.pdf,DMV,,form,,True
367,certification-of-lien-sale-for-vehicle-valued-4000-or-less-reg-168a-pdf.pdf,/content/drive/MyDrive/newstart_ai/data/raw/dmv/certification-of-lien-sale-for-vehicle-valued-4000-or-less-reg-168a-pdf.pdf,DMV,,form,,True
368,solicitud-para-obtener-el-certificado-de-transportista-privado-de-pasajeros-reg-1300.pdf,/content/drive/MyDrive/newstart_ai/data/raw/dmv/solicitud-para-obtener-el-certificado-de-transportista-privado-de-pasajeros-reg-1300.pdf,DMV,,form,,True
369,request-for-live-scan-service-applicant-submission-dmv-8016.pdf,/content/drive/MyDrive/newstart_ai/data/raw/dmv/request-for-live-scan-service-applicant-submission-dmv-8016.pdf,DMV,,form,,True
370,postal-service-verification-of-no-mail-delivery-service-or-change-of-address-ol-4000.pdf,/content/drive/MyDrive/newstart_ai/data/raw/dmv/postal-service-verification-of-no-mail-delivery-service-or-change-of-address-ol-4000.pdf,DMV,,form,,True
371,authorization-requisition-for-driver-instruction-forms-dl-396.pdf,/content/drive/MyDrive/newstart_ai/data/raw/dmv/authorization-requisition-for-driver-instruction-forms-dl-396.pdf,DMV,,form,,True
372,enrollment-application-tvs-court-primary-administrator-traffic-violator-course-completion-database-ol-771.pdf,/content/drive/MyDrive/newstart_ai/data/raw/dmv/enrollment-application-tvs-court-primary-administrator-traffic-violator-course-completion-database-ol-771.pdf,DMV,,form,,True
373,application-for-traffic-violator-school-operator-and-instructor-license-ol-710-pdf.pdf,/content/drive/MyDrive/newstart_ai/data/raw/dmv/application-for-traffic-violator-school-operator-and-instructor-license-ol-710-pdf.pdf,DMV,,form,,True
374,information-request-motor-carrier-permit-mc-430-m.pdf,/content/drive/MyDrive/newstart_ai/data/raw/dmv/information-request-motor-carrier-permit-mc-430-m.pdf,DMV,,form,,True
375,application-for-authorization-to-continue-lien-sale-after-unsuccessful-service-reg-659.pdf,/content/drive/MyDrive/newstart_ai/data/raw/dmv/application-for-authorization-to-continue-lien-sale-after-unsuccessful-service-reg-659.pdf,DMV,,form,,True
376,cuestionario-de-medico-dl-546.pdf,/content/drive/MyDrive/newstart_ai/data/raw/dmv/cuestionario-de-medico-dl-546.pdf,DMV,,form,,True
377,internet-security-agreement-certification-dadp-provider-administrator-dl-952.pdf,/content/drive/MyDrive/newstart_ai/data/raw/dmv/internet-security-agreement-certification-dadp-provider-administrator-dl-952.pdf,DMV,,form,,True
378,driver-license-record-correction-request-dl-207.pdf,/content/drive/MyDrive/newstart_ai/data/raw/dmv/driver-license-record-correction-request-dl-207.pdf,DMV,,form,,True
379,special-interest-license-plates-application-reg-17.pdf,/content/drive/MyDrive/newstart_ai/data/raw/dmv/special-interest-license-plates-application-reg-17.pdf,DMV,,form,,True
380,application-for-modification-to-a-traffic-violator-school-license-ol-736.pdf,/content/drive/MyDrive/newstart_ai/data/raw/dmv/application-for-modification-to-a-traffic-violator-school-license-ol-736.pdf,DMV,,form,,True
381,application-for-renewal-of-traffic-violator-school-tvs-instructor-license-ol-740.pdf,/content/drive/MyDrive/newstart_ai/data/raw/dmv/application-for-renewal-of-traffic-violator-school-tvs-instructor-license-ol-740.pdf,DMV,,form,,True
382,ignition-interlock-device-exemption-request-dl-4062-pdf.pdf,/content/drive/MyDrive/newstart_ai/data/raw/dmv/ignition-interlock-device-exemption-request-dl-4062-pdf.pdf,DMV,,form,,True
383,notice-of-non-compliance-ignition-interlock-dl-921.pdf,/content/drive/MyDrive/newstart_ai/data/raw/dmv/notice-of-non-compliance-ignition-interlock-dl-921.pdf,DMV,,form,,True
384,application-for-special-equipment-identification-plate-reg-88.pdf,/content/drive/MyDrive/newstart_ai/data/raw/dmv/application-for-special-equipment-identification-plate-reg-88.pdf,DMV,,form,,True
385,year-of-manufacture-yom-license-plate-application-reg-352.pdf,/content/drive/MyDrive/newstart_ai/data/raw/dmv/year-of-manufacture-yom-license-plate-application-reg-352.pdf,DMV,,form,,True
386,industry-holdout-correction-request-fax-transmission-sheet-fo-31.pdf,/content/drive/MyDrive/newstart_ai/data/raw/dmv/industry-holdout-correction-request-fax-transmission-sheet-fo-31.pdf,DMV,,form,,True
387,authorization-to-release-financial-information-ol-53.pdf,/content/drive/MyDrive/newstart_ai/data/raw/dmv/authorization-to-release-financial-information-ol-53.pdf,DMV,,form,,True
388,41965.pdf,/content/drive/MyDrive/newstart_ai/data/raw/dmv/41965.pdf,DMV,,form,,True
389,specialized-transportation-vehicle-exemption-certification-reg-345.pdf,/content/drive/MyDrive/newstart_ai/data/raw/dmv/specialized-transportation-vehicle-exemption-certification-reg-345.pdf,DMV,,form,,True
390,business-partner-automation-application-second-line-business-partner-reg-4025.pdf,/content/drive/MyDrive/newstart_ai/data/raw/dmv/business-partner-automation-application-second-line-business-partner-reg-4025.pdf,DMV,,form,,True
391,request-for-vehicle-vessel-photo-history-information-inf-1124.pdf,/content/drive/MyDrive/newstart_ai/data/raw/dmv/request-for-vehicle-vessel-photo-history-information-inf-1124.pdf,DMV,,form,,True
392,quarterly-physical-inventory-boat-124.pdf,/content/drive/MyDrive/newstart_ai/data/raw/dmv/quarterly-physical-inventory-boat-124.pdf,DMV,,form,,True
393,traffic-violator-course-completion-tvcc-database-tvs-court-primary-administrator-access-request-ol-771a.pdf,/content/drive/MyDrive/newstart_ai/data/raw/dmv/traffic-violator-course-completion-tvcc-database-tvs-court-primary-administrator-access-request-ol-771a.pdf,DMV,,form,,True
394,notice-of-pending-lien-sale-for-vehicle-valued-4000-or-less.pdf,/content/drive/MyDrive/newstart_ai/data/raw/dmv/notice-of-pending-lien-sale-for-vehicle-valued-4000-or-less.pdf,DMV,,form,,True
395,information-security-and-disclosure-statement-firm-exec-201x.pdf,/content/drive/MyDrive/newstart_ai/data/raw/dmv/information-security-and-disclosure-statement-firm-exec-201x.pdf,DMV,,form,,True
396,application-for-authorization-for-lien-sale-of-a-lien-sale-for-a-vehicle-valued-over-4000-reg-656.pdf,/content/drive/MyDrive/newstart_ai/data/raw/dmv/application-for-authorization-for-lien-sale-of-a-lien-sale-for-a-vehicle-valued-over-4000-reg-656.pdf,DMV,,form,,True
397,vessel-verification-boat-111.pdf,/content/drive/MyDrive/newstart_ai/data/raw/dmv/vessel-verification-boat-111.pdf,DMV,,form,,True
398,sample-license-plates-now-available-vin-2018-15.pdf,/content/drive/MyDrive/newstart_ai/data/raw/dmv/sample-license-plates-now-available-vin-2018-15.pdf,DMV,,form,,True
399,employer-testing-program-commercial-driving-performance-evaluation-route-and-directions-dl-814-etp.pdf,/content/drive/MyDrive/newstart_ai/data/raw/dmv/employer-testing-program-commercial-driving-performance-evaluation-route-and-directions-dl-814-etp.pdf,DMV,,form,,True
400,information-security-statement-inf-1128.pdf,/content/drive/MyDrive/newstart_ai/data/raw/dmv/information-security-statement-inf-1128.pdf,DMV,,form,,True
401,driving-school-application-for-student-license-ol-801.pdf,/content/drive/MyDrive/newstart_ai/data/raw/dmv/driving-school-application-for-student-license-ol-801.pdf,DMV,,form,,True
402,appointment-of-director-as-agent-for-service-of-process-adm-9050.pdf,/content/drive/MyDrive/newstart_ai/data/raw/dmv/appointment-of-director-as-agent-for-service-of-process-adm-9050.pdf,DMV,,form,,True
403,information-services-program-agent-authorization-inf-03.pdf,/content/drive/MyDrive/newstart_ai/data/raw/dmv/information-services-program-agent-authorization-inf-03.pdf,DMV,,form,,True
404,request-for-voluntary-withdrawal-motor-carrier-permit-mc-716-m.pdf,/content/drive/MyDrive/newstart_ai/data/raw/dmv/request-for-voluntary-withdrawal-motor-carrier-permit-mc-716-m.pdf,DMV,,form,,True
405,cdl-test-waiver-for-military-members-dl-965-pdf.pdf,/content/drive/MyDrive/newstart_ai/data/raw/dmv/cdl-test-waiver-for-military-members-dl-965-pdf.pdf,DMV,,form,,True
406,refresher-training-request-dl-818-etp.pdf,/content/drive/MyDrive/newstart_ai/data/raw/dmv/refresher-training-request-dl-818-etp.pdf,DMV,,form,,True
407,traffic-violator-school-operator-assurance-of-compliance-with-the-ada-of-1990-ol-141.pdf,/content/drive/MyDrive/newstart_ai/data/raw/dmv/traffic-violator-school-operator-assurance-of-compliance-with-the-ada-of-1990-ol-141.pdf,DMV,,form,,True
408,commanding-officers-certification-of-driving-experience-dl-964.pdf,/content/drive/MyDrive/newstart_ai/data/raw/dmv/commanding-officers-certification-of-driving-experience-dl-964.pdf,DMV,,form,,True
409,request-for-use-of-an-approved-tvs-program-ol-766.pdf,/content/drive/MyDrive/newstart_ai/data/raw/dmv/request-for-use-of-an-approved-tvs-program-ol-766.pdf,DMV,,form,,True
410,traffic-violator-school-tvs-owner-surety-bond-ol-704-b.pdf,/content/drive/MyDrive/newstart_ai/data/raw/dmv/traffic-violator-school-tvs-owner-surety-bond-ol-704-b.pdf,DMV,,form,,True
411,statement-of-consent-to-issue-an-acceptance-of-liability-for-a-student-license-dl-119.pdf,/content/drive/MyDrive/newstart_ai/data/raw/dmv/statement-of-consent-to-issue-an-acceptance-of-liability-for-a-student-license-dl-119.pdf,DMV,,form,,True
412,certification-of-lien-sale-for-vessel-or-vessel-with-trailer-valued-at-1500-or-less-boat-177.pdf,/content/drive/MyDrive/newstart_ai/data/raw/dmv/certification-of-lien-sale-for-vessel-or-vessel-with-trailer-valued-at-1500-or-less-boat-177.pdf,DMV,,form,,True
413,affidavit-for-transfer-without-probate-california-titled-vehicle-or-vessels-only-reg-5.pdf,/content/drive/MyDrive/newstart_ai/data/raw/dmv/affidavit-for-transfer-without-probate-california-titled-vehicle-or-vessels-only-reg-5.pdf,DMV,,form,,True
414,occupational-licensing-statement-of-facts.pdf,/content/drive/MyDrive/newstart_ai/data/raw/dmv/occupational-licensing-statement-of-facts.pdf,DMV,,form,,True
415,instructions-for-vehicle-verifier-ol-89.pdf,/content/drive/MyDrive/newstart_ai/data/raw/dmv/instructions-for-vehicle-verifier-ol-89.pdf,DMV,,form,,True
416,verification-authorization-hindi-dl-93-hi.pdf,/content/drive/MyDrive/newstart_ai/data/raw/dmv/verification-authorization-hindi-dl-93-hi.pdf,DMV,,form,,True
417,autonomous-vehicle-manufacturer-surety-bond-ol-317.pdf,/content/drive/MyDrive/newstart_ai/data/raw/dmv/autonomous-vehicle-manufacturer-surety-bond-ol-317.pdf,DMV,,form,,True
418,verification-authorization-process-japanese-dl-94-ja.pdf,/content/drive/MyDrive/newstart_ai/data/raw/dmv/verification-authorization-process-japanese-dl-94-ja.pdf,DMV,,form,,True
419,occupational-license-notice-of-cancellation-ol-4007.pdf,/content/drive/MyDrive/newstart_ai/data/raw/dmv/occupational-license-notice-of-cancellation-ol-4007.pdf,DMV,,form,,True
420,application-for-replacement-plates-stickers-documents-reg-156-sp.pdf,/content/drive/MyDrive/newstart_ai/data/raw/dmv/application-for-replacement-plates-stickers-documents-reg-156-sp.pdf,DMV,,form,,True
421,provider-dui-program-administrator-designee-document-dl-948.pdf,/content/drive/MyDrive/newstart_ai/data/raw/dmv/provider-dui-program-administrator-designee-document-dl-948.pdf,DMV,,form,,True
422,notice-of-unsatisfied-judgment-of-1000-or-less-dl-17.pdf,/content/drive/MyDrive/newstart_ai/data/raw/dmv/notice-of-unsatisfied-judgment-of-1000-or-less-dl-17.pdf,DMV,,form,,True
423,request-for-voluntary-termination-of-motor-carrier-permit-certificate-of-self-insurance-mc-132-m.pdf,/content/drive/MyDrive/newstart_ai/data/raw/dmv/request-for-voluntary-termination-of-motor-carrier-permit-certificate-of-self-insurance-mc-132-m.pdf,DMV,,form,,True
424,transmittal-form-dl-11.pdf,/content/drive/MyDrive/newstart_ai/data/raw/dmv/transmittal-form-dl-11.pdf,DMV,,form,,True
425,transmittal-of-registration-applications-fo-247.pdf,/content/drive/MyDrive/newstart_ai/data/raw/dmv/transmittal-of-registration-applications-fo-247.pdf,DMV,,form,,True
426,application-for-renewal-of-traffic-violator-school-tvs-operator-license-ol-756.pdf,/content/drive/MyDrive/newstart_ai/data/raw/dmv/application-for-renewal-of-traffic-violator-school-tvs-operator-license-ol-756.pdf,DMV,,form,,True
427,verification-authorization-dl-93.pdf,/content/drive/MyDrive/newstart_ai/data/raw/dmv/verification-authorization-dl-93.pdf,DMV,,form,,True
428,official-classroom-location-schedule-ol-854.pdf,/content/drive/MyDrive/newstart_ai/data/raw/dmv/official-classroom-location-schedule-ol-854.pdf,DMV,,form,,True
429,power-of-attorney-reg-260-pdf.pdf,/content/drive/MyDrive/newstart_ai/data/raw/dmv/power-of-attorney-reg-260-pdf.pdf,DMV,,form,,True
430,traffic-violator-course-evaluation-ol-767.pdf,/content/drive/MyDrive/newstart_ai/data/raw/dmv/traffic-violator-course-evaluation-ol-767.pdf,DMV,,form,,True
431,notice-to-employers-ignition-interlock-restriction-dl-923-pdf.pdf,/content/drive/MyDrive/newstart_ai/data/raw/dmv/notice-to-employers-ignition-interlock-restriction-dl-923-pdf.pdf,DMV,,form,,True
432,ol-4004.pdf,/content/drive/MyDrive/newstart_ai/data/raw/dmv/ol-4004.pdf,DMV,,form,,True
433,verification-authorization-process-hindi-dl-94-hi.pdf,/content/drive/MyDrive/newstart_ai/data/raw/dmv/verification-authorization-process-hindi-dl-94-hi.pdf,DMV,,form,,True
434,employer-testing-program-request-for-reactivation-employer-number-dl-817-etp.pdf,/content/drive/MyDrive/newstart_ai/data/raw/dmv/employer-testing-program-request-for-reactivation-employer-number-dl-817-etp.pdf,DMV,,form,,True
435,tvs-final-examination-record-for-second-attempt-ol-769.pdf,/content/drive/MyDrive/newstart_ai/data/raw/dmv/tvs-final-examination-record-for-second-attempt-ol-769.pdf,DMV,,form,,True
436,order-request-reduced-fee-or-no-fee-identification-card-program-dl-932.pdf,/content/drive/MyDrive/newstart_ai/data/raw/dmv/order-request-reduced-fee-or-no-fee-identification-card-program-dl-932.pdf,DMV,,form,,True
437,verification-authorization-japanese-dl-93-ja.pdf,/content/drive/MyDrive/newstart_ai/data/raw/dmv/verification-authorization-japanese-dl-93-ja.pdf,DMV,,form,,True
438,driver-education-driver-training-completion-certificate-log-dl-803.pdf,/content/drive/MyDrive/newstart_ai/data/raw/dmv/driver-education-driver-training-completion-certificate-log-dl-803.pdf,DMV,,form,,True
439,affidavit-of-non-use-reg-5090.pdf,/content/drive/MyDrive/newstart_ai/data/raw/dmv/affidavit-of-non-use-reg-5090.pdf,DMV,,form,,True
440,driving-under-the-influence-internet-program-forms-systems-dl-947.pdf,/content/drive/MyDrive/newstart_ai/data/raw/dmv/driving-under-the-influence-internet-program-forms-systems-dl-947.pdf,DMV,,form,,True
441,california-driver-license-renewal-by-mail-eligibility-information-dl-410-fo.pdf,/content/drive/MyDrive/newstart_ai/data/raw/dmv/california-driver-license-renewal-by-mail-eligibility-information-dl-410-fo.pdf,DMV,,form,,True
442,autonomous-vehicle-tester-avt-program-application-for-manufacturers-testing-permit-driverless-vehicles-ol-318.pdf,/content/drive/MyDrive/newstart_ai/data/raw/dmv/autonomous-vehicle-tester-avt-program-application-for-manufacturers-testing-permit-driverless-vehicles-ol-318.pdf,DMV,,form,,True
443,application-for-approval-of-mature-driver-improvement-course-ol-1002.pdf,/content/drive/MyDrive/newstart_ai/data/raw/dmv/application-for-approval-of-mature-driver-improvement-course-ol-1002.pdf,DMV,,form,,True
444,91495.pdf,/content/drive/MyDrive/newstart_ai/data/raw/dmv/91495.pdf,DMV,,form,,True
445,new-clean-air-vehicle-decal-application-form-vr-2018-27.pdf,/content/drive/MyDrive/newstart_ai/data/raw/dmv/new-clean-air-vehicle-decal-application-form-vr-2018-27.pdf,DMV,,form,,True
446,misuse-of-record-information-complaint-inf-1164.pdf,/content/drive/MyDrive/newstart_ai/data/raw/dmv/misuse-of-record-information-complaint-inf-1164.pdf,DMV,,form,,True
447,certification-of-lien-sale-reg-168-pdf.pdf,/content/drive/MyDrive/newstart_ai/data/raw/dmv/certification-of-lien-sale-reg-168-pdf.pdf,DMV,,form,,True
448,north-atlantic-treaty-organization-nato-status-of-forces-agreement-reg-5046.pdf,/content/drive/MyDrive/newstart_ai/data/raw/dmv/north-atlantic-treaty-organization-nato-status-of-forces-agreement-reg-5046.pdf,DMV,,form,,True
449,participants-certification-of-dui-program-enrollment-or-completion-dl-804.pdf,/content/drive/MyDrive/newstart_ai/data/raw/dmv/participants-certification-of-dui-program-enrollment-or-completion-dl-804.pdf,DMV,,form,,True
450,registration-information-request-for-lien-sale-inf-1126.pdf,/content/drive/MyDrive/newstart_ai/data/raw/dmv/registration-information-request-for-lien-sale-inf-1126.pdf,DMV,,form,,True
451,report-of-vision-examination-dl-62.pdf,/content/drive/MyDrive/newstart_ai/data/raw/dmv/report-of-vision-examination-dl-62.pdf,DMV,,form,,True
452,transit-driver-training-record-dl-260.pdf,/content/drive/MyDrive/newstart_ai/data/raw/dmv/transit-driver-training-record-dl-260.pdf,DMV,,form,,True
453,property-use-verification-for-registration-service-license-ol-139.pdf,/content/drive/MyDrive/newstart_ai/data/raw/dmv/property-use-verification-for-registration-service-license-ol-139.pdf,DMV,,form,,True
454,driving-performance-evaluation-score-sheet-dl-32.pdf,/content/drive/MyDrive/newstart_ai/data/raw/dmv/driving-performance-evaluation-score-sheet-dl-32.pdf,DMV,,form,,True
455,287903.pdf,/content/drive/MyDrive/newstart_ai/data/raw/dmv/287903.pdf,DMV,,form,,True
456,34114.pdf,/content/drive/MyDrive/newstart_ai/data/raw/dmv/34114.pdf,DMV,,form,,True
457,employers-report-of-medical-exam-failure-request-for-reexamination-ds-524.pdf,/content/drive/MyDrive/newstart_ai/data/raw/dmv/employers-report-of-medical-exam-failure-request-for-reexamination-ds-524.pdf,DMV,,form,,True
458,request-for-dui-program-forms-dl-101r.pdf,/content/drive/MyDrive/newstart_ai/data/raw/dmv/request-for-dui-program-forms-dl-101r.pdf,DMV,,form,,True
459,health-questionnaire-dl-546.pdf,/content/drive/MyDrive/newstart_ai/data/raw/dmv/health-questionnaire-dl-546.pdf,DMV,,form,,True
460,commercial-requester-account-application-inf-1106.pdf,/content/drive/MyDrive/newstart_ai/data/raw/dmv/commercial-requester-account-application-inf-1106.pdf,DMV,,form,,True
461,employer-testing-program-voluntary-cancellation-request-dl-520c-etp.pdf,/content/drive/MyDrive/newstart_ai/data/raw/dmv/employer-testing-program-voluntary-cancellation-request-dl-520c-etp.pdf,DMV,,form,,True
462,tvs-owner-application-checklist-ol-761.pdf,/content/drive/MyDrive/newstart_ai/data/raw/dmv/tvs-owner-application-checklist-ol-761.pdf,DMV,,form,,True
463,application-for-refund-adm-399.pdf,/content/drive/MyDrive/newstart_ai/data/raw/dmv/application-for-refund-adm-399.pdf,DMV,,form,,True
464,application-for-junior-permit-dl-120.pdf,/content/drive/MyDrive/newstart_ai/data/raw/dmv/application-for-junior-permit-dl-120.pdf,DMV,,form,,True
465,motor-carrier-permit-application-for-certificate-of-self-insurance-dmv-130-mcp.pdf,/content/drive/MyDrive/newstart_ai/data/raw/dmv/motor-carrier-permit-application-for-certificate-of-self-insurance-dmv-130-mcp.pdf,DMV,,form,,True
466,application-for-non-commercial-restricted-driver-license-for-financial-responsibility-actions-dl-691.pdf,/content/drive/MyDrive/newstart_ai/data/raw/dmv/application-for-non-commercial-restricted-driver-license-for-financial-responsibility-actions-dl-691.pdf,DMV,,form,,True
467,business-partner-automation-program-application-for-changes-reg-4026.pdf,/content/drive/MyDrive/newstart_ai/data/raw/dmv/business-partner-automation-program-application-for-changes-reg-4026.pdf,DMV,,form,,True
468,abandoned-vehicle-application-for-salvage-certificate-or-nonrepairable-vehicle-certificate-reg-479.pdf,/content/drive/MyDrive/newstart_ai/data/raw/dmv/abandoned-vehicle-application-for-salvage-certificate-or-nonrepairable-vehicle-certificate-reg-479.pdf,DMV,,form,,True
469,agreement-to-prepare-and-maintain-records-in-accordance-with-international-registration-plan-and-california-apportionment-requirements-mc-522-i.pdf,/content/drive/MyDrive/newstart_ai/data/raw/dmv/agreement-to-prepare-and-maintain-records-in-accordance-with-international-registration-plan-and-california-apportionment-requirements-mc-522-i.pdf,DMV,,form,,True
470,unobtainable-title-certification-for-issuance-of-salvage-certificate-reg-492.pdf,/content/drive/MyDrive/newstart_ai/data/raw/dmv/unobtainable-title-certification-for-issuance-of-salvage-certificate-reg-492.pdf,DMV,,form,,True
471,internal-account-and-role-request-dl-949.pdf,/content/drive/MyDrive/newstart_ai/data/raw/dmv/internal-account-and-role-request-dl-949.pdf,DMV,,form,,True
472,pfr-authorization-signature-form-mc-3501-p.pdf,/content/drive/MyDrive/newstart_ai/data/raw/dmv/pfr-authorization-signature-form-mc-3501-p.pdf,DMV,,form,,True
473,notice-of-pending-lien-sale-of-vehicle-valued-over-4000-or-from-a-self-service-storage-facility-reg-280.pdf,/content/drive/MyDrive/newstart_ai/data/raw/dmv/notice-of-pending-lien-sale-of-vehicle-valued-over-4000-or-from-a-self-service-storage-facility-reg-280.pdf,DMV,,form,,True
474,application-for-lien-sale-authorization-and-lienholders-certification-vessel-or-vessel-trailer-valued-over-1500.pdf,/content/drive/MyDrive/newstart_ai/data/raw/dmv/application-for-lien-sale-authorization-and-lienholders-certification-vessel-or-vessel-trailer-valued-over-1500.pdf,DMV,,form,,True
475,10-year-history-record-check-dl-939.pdf,/content/drive/MyDrive/newstart_ai/data/raw/dmv/10-year-history-record-check-dl-939.pdf,DMV,,form,,True
476,subpoena-duces-tecum-public-ds-2000-p.pdf,/content/drive/MyDrive/newstart_ai/data/raw/dmv/subpoena-duces-tecum-public-ds-2000-p.pdf,DMV,,form,,True
477,foreign-resident-in-transit-permit-application-reg-34-drm.pdf,/content/drive/MyDrive/newstart_ai/data/raw/dmv/foreign-resident-in-transit-permit-application-reg-34-drm.pdf,DMV,,form,,True
478,request-for-national-driver-register-ndr-file-check-on-current-or-prospective-employee-inf-1301a.pdf,/content/drive/MyDrive/newstart_ai/data/raw/dmv/request-for-national-driver-register-ndr-file-check-on-current-or-prospective-employee-inf-1301a.pdf,DMV,,form,,True
479,request-for-dismissal-of-failure-to-appear-fta-violations-dl-114.pdf,/content/drive/MyDrive/newstart_ai/data/raw/dmv/request-for-dismissal-of-failure-to-appear-fta-violations-dl-114.pdf,DMV,,form,,True
480,undocumented-vessel-surety-bond-reg-5058.pdf,/content/drive/MyDrive/newstart_ai/data/raw/dmv/undocumented-vessel-surety-bond-reg-5058.pdf,DMV,,form,,True
481,private-secondary-non-classroom-driver-education-curriculum-certification-dl-396b.pdf,/content/drive/MyDrive/newstart_ai/data/raw/dmv/private-secondary-non-classroom-driver-education-curriculum-certification-dl-396b.pdf,DMV,,form,,True
482,application-for-traffic-violator-school-tvs-owner-license-part-a-ol-713.pdf,/content/drive/MyDrive/newstart_ai/data/raw/dmv/application-for-traffic-violator-school-tvs-owner-license-part-a-ol-713.pdf,DMV,,form,,True
483,internet-security-agreement-certification-program-provider-representative-dl-946.pdf,/content/drive/MyDrive/newstart_ai/data/raw/dmv/internet-security-agreement-certification-program-provider-representative-dl-946.pdf,DMV,,form,,True
484,statement-of-facts-motor-carrier-fleet-name-change-reg-256m.pdf,/content/drive/MyDrive/newstart_ai/data/raw/dmv/statement-of-facts-motor-carrier-fleet-name-change-reg-256m.pdf,DMV,,form,,True
485,california-commercial-driver-behind-the-wheel-training-certification-dl-1236.pdf,/content/drive/MyDrive/newstart_ai/data/raw/dmv/california-commercial-driver-behind-the-wheel-training-certification-dl-1236.pdf,DMV,,form,,True
486,application-for-permanent-disabled-person-dp-placard-renewal-reg-195a.pdf,/content/drive/MyDrive/newstart_ai/data/raw/dmv/application-for-permanent-disabled-person-dp-placard-renewal-reg-195a.pdf,DMV,,form,,True
487,application-for-certification-of-ignition-interlock-device-dl-9.pdf,/content/drive/MyDrive/newstart_ai/data/raw/dmv/application-for-certification-of-ignition-interlock-device-dl-9.pdf,DMV,,form,,True
488,commercial-requester-account-service-provider-application-inf-1106v.pdf,/content/drive/MyDrive/newstart_ai/data/raw/dmv/commercial-requester-account-service-provider-application-inf-1106v.pdf,DMV,,form,,True
489,application-for-modification-to-a-traffic-violator-school-operator-and-instructor-license-ol-711-pdf.pdf,/content/drive/MyDrive/newstart_ai/data/raw/dmv/application-for-modification-to-a-traffic-violator-school-operator-and-instructor-license-ol-711-pdf.pdf,DMV,,form,,True
490,motor-carrier-permit-notice-of-change-mc-152-m.pdf,/content/drive/MyDrive/newstart_ai/data/raw/dmv/motor-carrier-permit-notice-of-change-mc-152-m.pdf,DMV,,form,,True
491,lien-satisfied-title-holder-release-reg-166.pdf,/content/drive/MyDrive/newstart_ai/data/raw/dmv/lien-satisfied-title-holder-release-reg-166.pdf,DMV,,form,,True
492,commercial-or-government-employer-pull-notice-enrollment-of-out-of-state-licensed-drivers-form-and-instructions-inf-1102.pdf,/content/drive/MyDrive/newstart_ai/data/raw/dmv/commercial-or-government-employer-pull-notice-enrollment-of-out-of-state-licensed-drivers-form-and-instructions-inf-1102.pdf,DMV,,form,,True
493,verification-authorization-khmer-dl-93-km.pdf,/content/drive/MyDrive/newstart_ai/data/raw/dmv/verification-authorization-khmer-dl-93-km.pdf,DMV,,form,,True
494,vehicle-emission-system-statement-smog-reg-139.pdf,/content/drive/MyDrive/newstart_ai/data/raw/dmv/vehicle-emission-system-statement-smog-reg-139.pdf,DMV,,form,,True
495,continuing-education-exemption-application-ol-257.pdf,/content/drive/MyDrive/newstart_ai/data/raw/dmv/continuing-education-exemption-application-ol-257.pdf,DMV,,form,,True
496,classroom-branch-renewal-application-ol-737.pdf,/content/drive/MyDrive/newstart_ai/data/raw/dmv/classroom-branch-renewal-application-ol-737.pdf,DMV,,form,,True
497,notificacion-de-cambio-certificado-de-transportista-privado-de-pasajeros-reg-1301-sp.pdf,/content/drive/MyDrive/newstart_ai/data/raw/dmv/notificacion-de-cambio-certificado-de-transportista-privado-de-pasajeros-reg-1301-sp.pdf,DMV,,form,,True
498,statement-of-personal-history-pre-implementation-screening-process-reg-4019.pdf,/content/drive/MyDrive/newstart_ai/data/raw/dmv/statement-of-personal-history-pre-implementation-screening-process-reg-4019.pdf,DMV,,form,,True
499,application-for-temporary-smog-exemption-for-a-vehicle-located-out-of-state-reg-5103.pdf,/content/drive/MyDrive/newstart_ai/data/raw/dmv/application-for-temporary-smog-exemption-for-a-vehicle-located-out-of-state-reg-5103.pdf,DMV,,form,,True
500,motor-carrier-fleet-name-change-mc-256m-i.pdf,/content/drive/MyDrive/newstart_ai/data/raw/dmv/motor-carrier-fleet-name-change-mc-256m-i.pdf,DMV,,form,,True
501,request-for-driver-license-identification-card-status-and-record-information-inf-1119.pdf,/content/drive/MyDrive/newstart_ai/data/raw/dmv/request-for-driver-license-identification-card-status-and-record-information-inf-1119.pdf,DMV,,form,,True
502,property-use-verification-for-a-driving-school-or-traffic-violator-school-license-ol-140.pdf,/content/drive/MyDrive/newstart_ai/data/raw/dmv/property-use-verification-for-a-driving-school-or-traffic-violator-school-license-ol-140.pdf,DMV,,form,,True
503,request-for-record-information-web-only-inf-70.pdf,/content/drive/MyDrive/newstart_ai/data/raw/dmv/request-for-record-information-web-only-inf-70.pdf,DMV,,form,,True
504,laboratory-report-dl-28.pdf,/content/drive/MyDrive/newstart_ai/data/raw/dmv/laboratory-report-dl-28.pdf,DMV,,form,,True
505,business-partner-automation-application-first-line-service-provider-reg-4024.pdf,/content/drive/MyDrive/newstart_ai/data/raw/dmv/business-partner-automation-application-first-line-service-provider-reg-4024.pdf,DMV,,form,,True
506,employer-testing-program-application-for-employer-number-dl-520-etp.pdf,/content/drive/MyDrive/newstart_ai/data/raw/dmv/employer-testing-program-application-for-employer-number-dl-520-etp.pdf,DMV,,form,,True
507,employer-testing-program-surety-bond-dl-524-etp.pdf,/content/drive/MyDrive/newstart_ai/data/raw/dmv/employer-testing-program-surety-bond-dl-524-etp.pdf,DMV,,form,,True
508,statement-to-record-ownership-reg-101-sp.pdf,/content/drive/MyDrive/newstart_ai/data/raw/dmv/statement-to-record-ownership-reg-101-sp.pdf,DMV,,form,,True
509,report-of-traffic-collision-involving-an-autonomous-vehicle-ol-316.pdf,/content/drive/MyDrive/newstart_ai/data/raw/dmv/report-of-traffic-collision-involving-an-autonomous-vehicle-ol-316.pdf,DMV,,form,,True
510,courtesy-stop-request-reg-500.pdf,/content/drive/MyDrive/newstart_ai/data/raw/dmv/courtesy-stop-request-reg-500.pdf,DMV,,form,,True
511,autonomous-vehicle-deployment-permit-application-for-certificate-of-self-insurance.pdf,/content/drive/MyDrive/newstart_ai/data/raw/dmv/autonomous-vehicle-deployment-permit-application-for-certificate-of-self-insurance.pdf,DMV,,form,,True
512,verification-authorization-process-thai-dl-94-th.pdf,/content/drive/MyDrive/newstart_ai/data/raw/dmv/verification-authorization-process-thai-dl-94-th.pdf,DMV,,form,,True
513,dmv-pre-employment-behavior-standards-questionnaire.pdf,/content/drive/MyDrive/newstart_ai/data/raw/dmv/dmv-pre-employment-behavior-standards-questionnaire.pdf,DMV,,form,,True
514,outline-of-required-topics-and-standards-for-ca-dmv-approved-traffic-violator-school-course-ol-613.pdf,/content/drive/MyDrive/newstart_ai/data/raw/dmv/outline-of-required-topics-and-standards-for-ca-dmv-approved-traffic-violator-school-course-ol-613.pdf,DMV,,form,,True
515,ignition-interlock-device-iid-installation-and-removal-request-dl-925.pdf,/content/drive/MyDrive/newstart_ai/data/raw/dmv/ignition-interlock-device-iid-installation-and-removal-request-dl-925.pdf,DMV,,form,,True
516,external-account-and-role-request-dl-950.pdf,/content/drive/MyDrive/newstart_ai/data/raw/dmv/external-account-and-role-request-dl-950.pdf,DMV,,form,,True
517,application-for-special-motorcycle-transportation-permit-reg-712.pdf,/content/drive/MyDrive/newstart_ai/data/raw/dmv/application-for-special-motorcycle-transportation-permit-reg-712.pdf,DMV,,form,,True
518,31099.pdf,/content/drive/MyDrive/newstart_ai/data/raw/dmv/31099.pdf,DMV,,form,,True
519,application-for-clean-air-vehicle-decals-reg-1000.pdf,/content/drive/MyDrive/newstart_ai/data/raw/dmv/application-for-clean-air-vehicle-decals-reg-1000.pdf,DMV,,form,,True
520,business-partner-automation-program-service-provider-change-reg-4022.pdf,/content/drive/MyDrive/newstart_ai/data/raw/dmv/business-partner-automation-program-service-provider-change-reg-4022.pdf,DMV,,form,,True
521,special-recognition-license-plate-application-reg-17a.pdf,/content/drive/MyDrive/newstart_ai/data/raw/dmv/special-recognition-license-plate-application-reg-17a.pdf,DMV,,form,,True
522,arizona-reduced-fee-certification-mc-2132-i.pdf,/content/drive/MyDrive/newstart_ai/data/raw/dmv/arizona-reduced-fee-certification-mc-2132-i.pdf,DMV,,form,,True
523,motor-vehicle-ownership-surety-bond-reg-5057.pdf,/content/drive/MyDrive/newstart_ai/data/raw/dmv/motor-vehicle-ownership-surety-bond-reg-5057.pdf,DMV,,form,,True
524,industry-customer-employee-listing-fo-607a.pdf,/content/drive/MyDrive/newstart_ai/data/raw/dmv/industry-customer-employee-listing-fo-607a.pdf,DMV,,form,,True
525,statement-of-facts-for-vehicles-valuated-at-500-or-less-removed-by-a-public-agency-for-reasons-other-than-abandonment-reg-686.pdf,/content/drive/MyDrive/newstart_ai/data/raw/dmv/statement-of-facts-for-vehicles-valuated-at-500-or-less-removed-by-a-public-agency-for-reasons-other-than-abandonment-reg-686.pdf,DMV,,form,,True
526,employer-pull-notice-agent-authorization-form-inf-2110.pdf,/content/drive/MyDrive/newstart_ai/data/raw/dmv/employer-pull-notice-agent-authorization-form-inf-2110.pdf,DMV,,form,,True
527,internet-security-agreement-certification-dadp-representative-dl-951.pdf,/content/drive/MyDrive/newstart_ai/data/raw/dmv/internet-security-agreement-certification-dadp-representative-dl-951.pdf,DMV,,form,,True
528,traffic-violator-school-tvs-course-completion-database-access-log-ol-770.pdf,/content/drive/MyDrive/newstart_ai/data/raw/dmv/traffic-violator-school-tvs-course-completion-database-access-log-ol-770.pdf,DMV,,form,,True
529,statement-of-facts-california-non-certified-vehicle-reg-256f.pdf,/content/drive/MyDrive/newstart_ai/data/raw/dmv/statement-of-facts-california-non-certified-vehicle-reg-256f.pdf,DMV,,form,,True
530,information-security-and-disclosure-statement-public-private-partnerships-employee-exec-200x.pdf,/content/drive/MyDrive/newstart_ai/data/raw/dmv/information-security-and-disclosure-statement-public-private-partnerships-employee-exec-200x.pdf,DMV,,form,,True
531,application-for-temporary-registration-nonresident-commercial-vehicle-reg-471.pdf,/content/drive/MyDrive/newstart_ai/data/raw/dmv/application-for-temporary-registration-nonresident-commercial-vehicle-reg-471.pdf,DMV,,form,,True
532,traffic-violator-school-instructor-written-test-order-form-ol-856.pdf,/content/drive/MyDrive/newstart_ai/data/raw/dmv/traffic-violator-school-instructor-written-test-order-form-ol-856.pdf,DMV,,form,,True
533,commercial-requester-account-instructions-application-inf-1133.pdf,/content/drive/MyDrive/newstart_ai/data/raw/dmv/commercial-requester-account-instructions-application-inf-1133.pdf,DMV,,form,,True
534,CMS-1763-508C.pdf,/content/drive/MyDrive/newstart_ai/data/raw/ssa/CMS-1763-508C.pdf,SSA,,form,,True
535,CMS-L564_SP508.pdf,/content/drive/MyDrive/newstart_ai/data/raw/ssa/CMS-L564_SP508.pdf,SSA,,form,,True
536,SSA-8-SP.pdf,/content/drive/MyDrive/newstart_ai/data/raw/ssa/SSA-8-SP.pdf,SSA,SSA-8-SP,form,,True
537,cms-40b-508c-2025-rev-38.pdf,/content/drive/MyDrive/newstart_ai/data/raw/ssa/cms-40b-508c-2025-rev-38.pdf,SSA,,form,,True
538,cms-40b-s-508c.pdf,/content/drive/MyDrive/newstart_ai/data/raw/ssa/cms-40b-s-508c.pdf,SSA,,form,,True
539,cms-l564-508c.pdf,/content/drive/MyDrive/newstart_ai/data/raw/ssa/cms-l564-508c.pdf,SSA,,form,,True
540,fss4.pdf,/content/drive/MyDrive/newstart_ai/data/raw/ssa/fss4.pdf,SSA,,form,,True
541,fss4sp.pdf,/content/drive/MyDrive/newstart_ai/data/raw/ssa/fss4sp.pdf,SSA,,form,,True
542,fw4v.pdf,/content/drive/MyDrive/newstart_ai/data/raw/ssa/fw4v.pdf,SSA,,form,,True
543,ha-4608.pdf,/content/drive/MyDrive/newstart_ai/data/raw/ssa/ha-4608.pdf,SSA,,form,,True
544,ha-4631.pdf,/content/drive/MyDrive/newstart_ai/data/raw/ssa/ha-4631.pdf,SSA,,form,,True
545,ha-4632.pdf,/content/drive/MyDrive/newstart_ai/data/raw/ssa/ha-4632.pdf,SSA,,form,,True
546,ha-4633.pdf,/content/drive/MyDrive/newstart_ai/data/raw/ssa/ha-4633.pdf,SSA,,form,,True
547,ha-501.pdf,/content/drive/MyDrive/newstart_ai/data/raw/ssa/ha-501.pdf,SSA,,form,,True
548,ha-510.pdf,/content/drive/MyDrive/newstart_ai/data/raw/ssa/ha-510.pdf,SSA,,form,,True
549,ha-510sp.pdf,/content/drive/MyDrive/newstart_ai/data/raw/ssa/ha-510sp.pdf,SSA,,form,,True
550,ha-520.pdf,/content/drive/MyDrive/newstart_ai/data/raw/ssa/ha-520.pdf,SSA,,form,,True
551,ha-520sp.pdf,/content/drive/MyDrive/newstart_ai/data/raw/ssa/ha-520sp.pdf,SSA,,form,,True
552,ha-539-sp.pdf,/content/drive/MyDrive/newstart_ai/data/raw/ssa/ha-539-sp.pdf,SSA,,form,,True
553,ha-539.pdf,/content/drive/MyDrive/newstart_ai/data/raw/ssa/ha-539.pdf,SSA,,form,,True
554,ha-85.pdf,/content/drive/MyDrive/newstart_ai/data/raw/ssa/ha-85.pdf,SSA,,form,,True
555,ha-86-sp.pdf,/content/drive/MyDrive/newstart_ai/data/raw/ssa/ha-86-sp.pdf,SSA,,form,,True
556,ha-86.pdf,/content/drive/MyDrive/newstart_ai/data/raw/ssa/ha-86.pdf,SSA,,form,,True
557,ha-l90.pdf,/content/drive/MyDrive/newstart_ai/data/raw/ssa/ha-l90.pdf,SSA,,form,,True
558,ss-5-am-inst.pdf,/content/drive/MyDrive/newstart_ai/data/raw/ssa/ss-5-am-inst.pdf,SSA,SS-5-AM-INST,instructions,,True
559,ss-5-ar-inst.pdf,/content/drive/MyDrive/newstart_ai/data/raw/ssa/ss-5-ar-inst.pdf,SSA,SS-5-AR-INST,instructions,,True
560,ss-5-ch-inst.pdf,/content/drive/MyDrive/newstart_ai/data/raw/ssa/ss-5-ch-inst.pdf,SSA,SS-5-CH-INST,instructions,,True
561,ss-5-chs-inst.pdf,/content/drive/MyDrive/newstart_ai/data/raw/ssa/ss-5-chs-inst.pdf,SSA,SS-5-CHS-INST,instructions,,True
562,ss-5-fa-inst.pdf,/content/drive/MyDrive/newstart_ai/data/raw/ssa/ss-5-fa-inst.pdf,SSA,SS-5-FA-INST,instructions,,True
563,ss-5-fr-inst.pdf,/content/drive/MyDrive/newstart_ai/data/raw/ssa/ss-5-fr-inst.pdf,SSA,SS-5-FR-INST,instructions,,True
564,ss-5-gr-inst.pdf,/content/drive/MyDrive/newstart_ai/data/raw/ssa/ss-5-gr-inst.pdf,SSA,SS-5-GR-INST,instructions,,True
565,ss-5-hc-inst.pdf,/content/drive/MyDrive/newstart_ai/data/raw/ssa/ss-5-hc-inst.pdf,SSA,SS-5-HC-INST,instructions,,True
566,ss-5-it-inst.pdf,/content/drive/MyDrive/newstart_ai/data/raw/ssa/ss-5-it-inst.pdf,SSA,SS-5-IT-INST,instructions,,True
567,ss-5-kor-inst.pdf,/content/drive/MyDrive/newstart_ai/data/raw/ssa/ss-5-kor-inst.pdf,SSA,SS-5-KOR-INST,instructions,,True
568,ss-5-pe-inst.pdf,/content/drive/MyDrive/newstart_ai/data/raw/ssa/ss-5-pe-inst.pdf,SSA,SS-5-PE-INST,instructions,,True
569,ss-5-po-inst.pdf,/content/drive/MyDrive/newstart_ai/data/raw/ssa/ss-5-po-inst.pdf,SSA,SS-5-PO-INST,instructions,,True
570,ss-5-ru-inst.pdf,/content/drive/MyDrive/newstart_ai/data/raw/ssa/ss-5-ru-inst.pdf,SSA,SS-5-RU-INST,instructions,,True
571,ss-5-so-inst.pdf,/content/drive/MyDrive/newstart_ai/data/raw/ssa/ss-5-so-inst.pdf,SSA,SS-5-SO-INST,instructions,,True
572,ss-5-tl-inst.pdf,/content/drive/MyDrive/newstart_ai/data/raw/ssa/ss-5-tl-inst.pdf,SSA,SS-5-TL-INST,instructions,,True
573,ss-5-ua-inst.pdf,/content/drive/MyDrive/newstart_ai/data/raw/ssa/ss-5-ua-inst.pdf,SSA,SS-5-UA-INST,instructions,,True
574,ss-5-vi-inst.pdf,/content/drive/MyDrive/newstart_ai/data/raw/ssa/ss-5-vi-inst.pdf,SSA,SS-5-VI-INST,instructions,,True
575,ss-5.pdf,/content/drive/MyDrive/newstart_ai/data/raw/ssa/ss-5.pdf,SSA,SS-5,form,,True
576,ss-5fs.pdf,/content/drive/MyDrive/newstart_ai/data/raw/ssa/ss-5fs.pdf,SSA,SS-5FS,form,,True
577,ss-5sp.pdf,/content/drive/MyDrive/newstart_ai/data/raw/ssa/ss-5sp.pdf,SSA,SS-5SP,form,,True
578,ssa-1-bk-sp.pdf,/content/drive/MyDrive/newstart_ai/data/raw/ssa/ssa-1-bk-sp.pdf,SSA,SSA-1-BK-SP,form,,True
579,ssa-1-bk.pdf,/content/drive/MyDrive/newstart_ai/data/raw/ssa/ssa-1-bk.pdf,SSA,SSA-1-BK,form,,True
580,ssa-10-bk-sp.pdf,/content/drive/MyDrive/newstart_ai/data/raw/ssa/ssa-10-bk-sp.pdf,SSA,SSA-10-BK-SP,form,,True
581,ssa-10-inst.pdf,/content/drive/MyDrive/newstart_ai/data/raw/ssa/ssa-10-inst.pdf,SSA,SSA-10-INST,instructions,,True
582,ssa-10.pdf,/content/drive/MyDrive/newstart_ai/data/raw/ssa/ssa-10.pdf,SSA,SSA-10,form,,True
583,ssa-1021-inst-sp.pdf,/content/drive/MyDrive/newstart_ai/data/raw/ssa/ssa-1021-inst-sp.pdf,SSA,SSA-1021-INST-SP,instructions,,True
584,ssa-1021-inst.pdf,/content/drive/MyDrive/newstart_ai/data/raw/ssa/ssa-1021-inst.pdf,SSA,SSA-1021-INST,instructions,,True
585,ssa-1021-sp.pdf,/content/drive/MyDrive/newstart_ai/data/raw/ssa/ssa-1021-sp.pdf,SSA,SSA-1021-SP,form,,True
586,ssa-1021.pdf,/content/drive/MyDrive/newstart_ai/data/raw/ssa/ssa-1021.pdf,SSA,SSA-1021,form,,True
587,ssa-131.pdf,/content/drive/MyDrive/newstart_ai/data/raw/ssa/ssa-131.pdf,SSA,SSA-131,form,,True
588,ssa-1372-bk-fc-sp.pdf,/content/drive/MyDrive/newstart_ai/data/raw/ssa/ssa-1372-bk-fc-sp.pdf,SSA,SSA-1372-BK-FC-SP,form,,True
589,ssa-1372.pdf,/content/drive/MyDrive/newstart_ai/data/raw/ssa/ssa-1372.pdf,SSA,SSA-1372,form,,True
590,ssa-1372bkfc.pdf,/content/drive/MyDrive/newstart_ai/data/raw/ssa/ssa-1372bkfc.pdf,SSA,SSA-1372BKFC,form,,True
591,ssa-1383-fc.pdf,/content/drive/MyDrive/newstart_ai/data/raw/ssa/ssa-1383-fc.pdf,SSA,SSA-1383-FC,form,,True
592,ssa-1383.pdf,/content/drive/MyDrive/newstart_ai/data/raw/ssa/ssa-1383.pdf,SSA,SSA-1383,form,,True
593,ssa-1391.pdf,/content/drive/MyDrive/newstart_ai/data/raw/ssa/ssa-1391.pdf,SSA,SSA-1391,form,,True
594,ssa-1458.pdf,/content/drive/MyDrive/newstart_ai/data/raw/ssa/ssa-1458.pdf,SSA,SSA-1458,form,,True
595,ssa-150.pdf,/content/drive/MyDrive/newstart_ai/data/raw/ssa/ssa-150.pdf,SSA,SSA-150,form,,True
596,ssa-1560.pdf,/content/drive/MyDrive/newstart_ai/data/raw/ssa/ssa-1560.pdf,SSA,SSA-1560,form,,True
597,ssa-16-bk-sp.pdf,/content/drive/MyDrive/newstart_ai/data/raw/ssa/ssa-16-bk-sp.pdf,SSA,SSA-16-BK-SP,form,,True
598,ssa-16-bk.pdf,/content/drive/MyDrive/newstart_ai/data/raw/ssa/ssa-16-bk.pdf,SSA,SSA-16-BK,form,,True
599,ssa-1691.pdf,/content/drive/MyDrive/newstart_ai/data/raw/ssa/ssa-1691.pdf,SSA,SSA-1691,form,,True
600,ssa-1693.pdf,/content/drive/MyDrive/newstart_ai/data/raw/ssa/ssa-1693.pdf,SSA,SSA-1693,form,,True
601,ssa-1694.pdf,/content/drive/MyDrive/newstart_ai/data/raw/ssa/ssa-1694.pdf,SSA,SSA-1694,form,,True
602,ssa-1696-sup1.pdf,/content/drive/MyDrive/newstart_ai/data/raw/ssa/ssa-1696-sup1.pdf,SSA,SSA-1696-SUP,form,,True
603,ssa-1696-sup2.pdf,/content/drive/MyDrive/newstart_ai/data/raw/ssa/ssa-1696-sup2.pdf,SSA,SSA-1696-SUP,form,,True
604,ssa-1696.pdf,/content/drive/MyDrive/newstart_ai/data/raw/ssa/ssa-1696.pdf,SSA,SSA-1696,form,,True
605,ssa-1699.pdf,/content/drive/MyDrive/newstart_ai/data/raw/ssa/ssa-1699.pdf,SSA,SSA-1699,form,,True
606,ssa-1724.pdf,/content/drive/MyDrive/newstart_ai/data/raw/ssa/ssa-1724.pdf,SSA,SSA-1724,form,,True
607,ssa-186.pdf,/content/drive/MyDrive/newstart_ai/data/raw/ssa/ssa-186.pdf,SSA,SSA-186,form,,True
608,ssa-1945-sp.pdf,/content/drive/MyDrive/newstart_ai/data/raw/ssa/ssa-1945-sp.pdf,SSA,SSA-1945-SP,form,,True
609,ssa-1945.pdf,/content/drive/MyDrive/newstart_ai/data/raw/ssa/ssa-1945.pdf,SSA,SSA-1945,form,,True
610,ssa-199.pdf,/content/drive/MyDrive/newstart_ai/data/raw/ssa/ssa-199.pdf,SSA,SSA-199,form,,True
611,ssa-2-bk-sp.pdf,/content/drive/MyDrive/newstart_ai/data/raw/ssa/ssa-2-bk-sp.pdf,SSA,SSA-2-BK-SP,form,,True
612,ssa-2-bk.pdf,/content/drive/MyDrive/newstart_ai/data/raw/ssa/ssa-2-bk.pdf,SSA,SSA-2-BK,form,,True
613,ssa-2010-f6.pdf,/content/drive/MyDrive/newstart_ai/data/raw/ssa/ssa-2010-f6.pdf,SSA,SSA-2010-F,form,,True
614,ssa-2032bk.pdf,/content/drive/MyDrive/newstart_ai/data/raw/ssa/ssa-2032bk.pdf,SSA,SSA-2032BK,form,,True
615,ssa-21.pdf,/content/drive/MyDrive/newstart_ai/data/raw/ssa/ssa-21.pdf,SSA,SSA-21,form,,True
616,ssa-24.pdf,/content/drive/MyDrive/newstart_ai/data/raw/ssa/ssa-24.pdf,SSA,SSA-24,form,,True
617,ssa-2490-bk.pdf,/content/drive/MyDrive/newstart_ai/data/raw/ssa/ssa-2490-bk.pdf,SSA,SSA-2490-BK,form,,True
618,ssa-25.pdf,/content/drive/MyDrive/newstart_ai/data/raw/ssa/ssa-25.pdf,SSA,SSA-25,form,,True
619,ssa-2512.pdf,/content/drive/MyDrive/newstart_ai/data/raw/ssa/ssa-2512.pdf,SSA,SSA-2512,form,,True
620,ssa-2519.pdf,/content/drive/MyDrive/newstart_ai/data/raw/ssa/ssa-2519.pdf,SSA,SSA-2519,form,,True
621,ssa-2574.pdf,/content/drive/MyDrive/newstart_ai/data/raw/ssa/ssa-2574.pdf,SSA,SSA-2574,form,,True
622,ssa-263.pdf,/content/drive/MyDrive/newstart_ai/data/raw/ssa/ssa-263.pdf,SSA,SSA-263,form,,True
623,ssa-268.pdf,/content/drive/MyDrive/newstart_ai/data/raw/ssa/ssa-268.pdf,SSA,SSA-268,form,,True
624,ssa-2855.pdf,/content/drive/MyDrive/newstart_ai/data/raw/ssa/ssa-2855.pdf,SSA,SSA-2855,form,,True
625,ssa-2935.pdf,/content/drive/MyDrive/newstart_ai/data/raw/ssa/ssa-2935.pdf,SSA,SSA-2935,form,,True
626,ssa-3.pdf,/content/drive/MyDrive/newstart_ai/data/raw/ssa/ssa-3.pdf,SSA,SSA-3,form,,True
627,ssa-3033.pdf,/content/drive/MyDrive/newstart_ai/data/raw/ssa/ssa-3033.pdf,SSA,SSA-3033,form,,True
628,ssa-308.pdf,/content/drive/MyDrive/newstart_ai/data/raw/ssa/ssa-308.pdf,SSA,SSA-308,form,,True
629,ssa-3105.pdf,/content/drive/MyDrive/newstart_ai/data/raw/ssa/ssa-3105.pdf,SSA,SSA-3105,form,,True
630,ssa-3288-sp.pdf,/content/drive/MyDrive/newstart_ai/data/raw/ssa/ssa-3288-sp.pdf,SSA,SSA-3288-SP,form,,True
631,ssa-3288.pdf,/content/drive/MyDrive/newstart_ai/data/raw/ssa/ssa-3288.pdf,SSA,SSA-3288,form,,True
632,ssa-3368-bk.pdf,/content/drive/MyDrive/newstart_ai/data/raw/ssa/ssa-3368-bk.pdf,SSA,SSA-3368-BK,form,,True
633,ssa-3369.pdf,/content/drive/MyDrive/newstart_ai/data/raw/ssa/ssa-3369.pdf,SSA,SSA-3369,form,,True
634,ssa-3373-bk.pdf,/content/drive/MyDrive/newstart_ai/data/raw/ssa/ssa-3373-bk.pdf,SSA,SSA-3373-BK,form,,True
635,ssa-3375-bk.pdf,/content/drive/MyDrive/newstart_ai/data/raw/ssa/ssa-3375-bk.pdf,SSA,SSA-3375-BK,form,,True
636,ssa-3376-bk.pdf,/content/drive/MyDrive/newstart_ai/data/raw/ssa/ssa-3376-bk.pdf,SSA,SSA-3376-BK,form,,True
637,ssa-3377-bk.pdf,/content/drive/MyDrive/newstart_ai/data/raw/ssa/ssa-3377-bk.pdf,SSA,SSA-3377-BK,form,,True
638,ssa-3378-bk.pdf,/content/drive/MyDrive/newstart_ai/data/raw/ssa/ssa-3378-bk.pdf,SSA,SSA-3378-BK,form,,True
639,ssa-3379-bk.pdf,/content/drive/MyDrive/newstart_ai/data/raw/ssa/ssa-3379-bk.pdf,SSA,SSA-3379-BK,form,,True
640,ssa-3380.pdf,/content/drive/MyDrive/newstart_ai/data/raw/ssa/ssa-3380.pdf,SSA,SSA-3380,form,,True
641,ssa-3441.pdf,/content/drive/MyDrive/newstart_ai/data/raw/ssa/ssa-3441.pdf,SSA,SSA-3441,form,,True
642,ssa-371.pdf,/content/drive/MyDrive/newstart_ai/data/raw/ssa/ssa-371.pdf,SSA,SSA-371,form,,True
643,ssa-372.pdf,/content/drive/MyDrive/newstart_ai/data/raw/ssa/ssa-372.pdf,SSA,SSA-372,form,,True
644,ssa-3820.pdf,/content/drive/MyDrive/newstart_ai/data/raw/ssa/ssa-3820.pdf,SSA,SSA-3820,form,,True
645,ssa-3830.pdf,/content/drive/MyDrive/newstart_ai/data/raw/ssa/ssa-3830.pdf,SSA,SSA-3830,form,,True
646,ssa-3881.pdf,/content/drive/MyDrive/newstart_ai/data/raw/ssa/ssa-3881.pdf,SSA,SSA-3881,form,,True
647,ssa-3885.pdf,/content/drive/MyDrive/newstart_ai/data/raw/ssa/ssa-3885.pdf,SSA,SSA-3885,form,,True
648,ssa-3sp.pdf,/content/drive/MyDrive/newstart_ai/data/raw/ssa/ssa-3sp.pdf,SSA,SSA-3SP,form,,True
649,ssa-4-bk-sp.pdf,/content/drive/MyDrive/newstart_ai/data/raw/ssa/ssa-4-bk-sp.pdf,SSA,SSA-4-BK-SP,form,,True
650,ssa-4-bk.pdf,/content/drive/MyDrive/newstart_ai/data/raw/ssa/ssa-4-bk.pdf,SSA,SSA-4-BK,form,,True
651,ssa-4-inst.pdf,/content/drive/MyDrive/newstart_ai/data/raw/ssa/ssa-4-inst.pdf,SSA,SSA-4-INST,instructions,,True
652,ssa-4111.pdf,/content/drive/MyDrive/newstart_ai/data/raw/ssa/ssa-4111.pdf,SSA,SSA-4111,form,,True
653,ssa-4162.pdf,/content/drive/MyDrive/newstart_ai/data/raw/ssa/ssa-4162.pdf,SSA,SSA-4162,form,,True
654,ssa-4178.pdf,/content/drive/MyDrive/newstart_ai/data/raw/ssa/ssa-4178.pdf,SSA,SSA-4178,form,,True
655,ssa-4290-f5.pdf,/content/drive/MyDrive/newstart_ai/data/raw/ssa/ssa-4290-f5.pdf,SSA,SSA-4290-F,form,,True
656,ssa-437-bk-sp.pdf,/content/drive/MyDrive/newstart_ai/data/raw/ssa/ssa-437-bk-sp.pdf,SSA,SSA-437-BK-SP,form,,True
657,ssa-437.pdf,/content/drive/MyDrive/newstart_ai/data/raw/ssa/ssa-437.pdf,SSA,SSA-437,form,,True
658,ssa-44.pdf,/content/drive/MyDrive/newstart_ai/data/raw/ssa/ssa-44.pdf,SSA,SSA-44,form,,True
659,ssa-454-bk.pdf,/content/drive/MyDrive/newstart_ai/data/raw/ssa/ssa-454-bk.pdf,SSA,SSA-454-BK,form,,True
660,ssa-455.pdf,/content/drive/MyDrive/newstart_ai/data/raw/ssa/ssa-455.pdf,SSA,SSA-455,form,,True
661,ssa-4814.pdf,/content/drive/MyDrive/newstart_ai/data/raw/ssa/ssa-4814.pdf,SSA,SSA-4814,form,,True
662,ssa-4815.pdf,/content/drive/MyDrive/newstart_ai/data/raw/ssa/ssa-4815.pdf,SSA,SSA-4815,form,,True
663,ssa-5-bk-sp.pdf,/content/drive/MyDrive/newstart_ai/data/raw/ssa/ssa-5-bk-sp.pdf,SSA,SSA-5-BK-SP,form,,True
664,ssa-5-bk.pdf,/content/drive/MyDrive/newstart_ai/data/raw/ssa/ssa-5-bk.pdf,SSA,SSA-5-BK,form,,True
665,ssa-5-inst.pdf,/content/drive/MyDrive/newstart_ai/data/raw/ssa/ssa-5-inst.pdf,SSA,SSA-5-INST,instructions,,True
666,ssa-5062.pdf,/content/drive/MyDrive/newstart_ai/data/raw/ssa/ssa-5062.pdf,SSA,SSA-5062,form,,True
667,ssa-5064.pdf,/content/drive/MyDrive/newstart_ai/data/raw/ssa/ssa-5064.pdf,SSA,SSA-5064,form,,True
668,ssa-521-sp.pdf,/content/drive/MyDrive/newstart_ai/data/raw/ssa/ssa-521-sp.pdf,SSA,SSA-521-SP,form,,True
669,ssa-521.pdf,/content/drive/MyDrive/newstart_ai/data/raw/ssa/ssa-521.pdf,SSA,SSA-521,form,,True
670,ssa-545.pdf,/content/drive/MyDrive/newstart_ai/data/raw/ssa/ssa-545.pdf,SSA,SSA-545,form,,True
671,ssa-546.pdf,/content/drive/MyDrive/newstart_ai/data/raw/ssa/ssa-546.pdf,SSA,SSA-546,form,,True
672,ssa-552.pdf,/content/drive/MyDrive/newstart_ai/data/raw/ssa/ssa-552.pdf,SSA,SSA-552,form,,True
673,ssa-561-u2.pdf,/content/drive/MyDrive/newstart_ai/data/raw/ssa/ssa-561-u2.pdf,SSA,SSA-561-U,form,,True
674,ssa-5665-bk-sp.pdf,/content/drive/MyDrive/newstart_ai/data/raw/ssa/ssa-5665-bk-sp.pdf,SSA,SSA-5665-BK-SP,form,,True
675,ssa-5665-bk.pdf,/content/drive/MyDrive/newstart_ai/data/raw/ssa/ssa-5665-bk.pdf,SSA,SSA-5665-BK,form,,True
676,ssa-5666.pdf,/content/drive/MyDrive/newstart_ai/data/raw/ssa/ssa-5666.pdf,SSA,SSA-5666,form,,True
677,ssa-632-bk-sp.pdf,/content/drive/MyDrive/newstart_ai/data/raw/ssa/ssa-632-bk-sp.pdf,SSA,SSA-632-BK-SP,form,,True
678,ssa-632-bk.pdf,/content/drive/MyDrive/newstart_ai/data/raw/ssa/ssa-632-bk.pdf,SSA,SSA-632-BK,form,,True
679,ssa-634-sp.pdf,/content/drive/MyDrive/newstart_ai/data/raw/ssa/ssa-634-sp.pdf,SSA,SSA-634-SP,form,,True
680,ssa-634.pdf,/content/drive/MyDrive/newstart_ai/data/raw/ssa/ssa-634.pdf,SSA,SSA-634,form,,True
681,ssa-640.pdf,/content/drive/MyDrive/newstart_ai/data/raw/ssa/ssa-640.pdf,SSA,SSA-640,form,,True
682,ssa-671.pdf,/content/drive/MyDrive/newstart_ai/data/raw/ssa/ssa-671.pdf,SSA,SSA-671,form,,True
683,ssa-7-f6-sp.pdf,/content/drive/MyDrive/newstart_ai/data/raw/ssa/ssa-7-f6-sp.pdf,SSA,SSA-7-F,form,,True
684,ssa-7.pdf,/content/drive/MyDrive/newstart_ai/data/raw/ssa/ssa-7.pdf,SSA,SSA-7,form,,True
685,ssa-7004-sp.pdf,/content/drive/MyDrive/newstart_ai/data/raw/ssa/ssa-7004-sp.pdf,SSA,SSA-7004-SP,form,,True
686,ssa-7004.pdf,/content/drive/MyDrive/newstart_ai/data/raw/ssa/ssa-7004.pdf,SSA,SSA-7004,form,,True
687,ssa-7008.pdf,/content/drive/MyDrive/newstart_ai/data/raw/ssa/ssa-7008.pdf,SSA,SSA-7008,form,,True
688,ssa-7011-f4.pdf,/content/drive/MyDrive/newstart_ai/data/raw/ssa/ssa-7011-f4.pdf,SSA,SSA-7011-F,form,,True
689,ssa-7050.pdf,/content/drive/MyDrive/newstart_ai/data/raw/ssa/ssa-7050.pdf,SSA,SSA-7050,form,,True
690,ssa-7104.pdf,/content/drive/MyDrive/newstart_ai/data/raw/ssa/ssa-7104.pdf,SSA,SSA-7104,form,,True
691,ssa-711.pdf,/content/drive/MyDrive/newstart_ai/data/raw/ssa/ssa-711.pdf,SSA,SSA-711,form,,True
692,ssa-714.pdf,/content/drive/MyDrive/newstart_ai/data/raw/ssa/ssa-714.pdf,SSA,SSA-714,form,,True
693,ssa-7156.pdf,/content/drive/MyDrive/newstart_ai/data/raw/ssa/ssa-7156.pdf,SSA,SSA-7156,form,,True
694,ssa-7157.pdf,/content/drive/MyDrive/newstart_ai/data/raw/ssa/ssa-7157.pdf,SSA,SSA-7157,form,,True
695,ssa-7160.pdf,/content/drive/MyDrive/newstart_ai/data/raw/ssa/ssa-7160.pdf,SSA,SSA-7160,form,,True
696,ssa-7163.pdf,/content/drive/MyDrive/newstart_ai/data/raw/ssa/ssa-7163.pdf,SSA,SSA-7163,form,,True
697,ssa-7163a.pdf,/content/drive/MyDrive/newstart_ai/data/raw/ssa/ssa-7163a.pdf,SSA,SSA-7163A,form,,True
698,ssa-721.pdf,/content/drive/MyDrive/newstart_ai/data/raw/ssa/ssa-721.pdf,SSA,SSA-721,form,,True
699,ssa-723.pdf,/content/drive/MyDrive/newstart_ai/data/raw/ssa/ssa-723.pdf,SSA,SSA-723,form,,True
700,ssa-731.pdf,/content/drive/MyDrive/newstart_ai/data/raw/ssa/ssa-731.pdf,SSA,SSA-731,form,,True
701,ssa-753.pdf,/content/drive/MyDrive/newstart_ai/data/raw/ssa/ssa-753.pdf,SSA,SSA-753,form,,True
702,ssa-754-f5.pdf,/content/drive/MyDrive/newstart_ai/data/raw/ssa/ssa-754-f5.pdf,SSA,SSA-754-F,form,,True
703,ssa-760.pdf,/content/drive/MyDrive/newstart_ai/data/raw/ssa/ssa-760.pdf,SSA,SSA-760,form,,True
704,ssa-765.pdf,/content/drive/MyDrive/newstart_ai/data/raw/ssa/ssa-765.pdf,SSA,SSA-765,form,,True
705,ssa-766.pdf,/content/drive/MyDrive/newstart_ai/data/raw/ssa/ssa-766.pdf,SSA,SSA-766,form,,True
706,ssa-769-u4.pdf,/content/drive/MyDrive/newstart_ai/data/raw/ssa/ssa-769-u4.pdf,SSA,SSA-769-U,form,,True
707,ssa-770-u4.pdf,/content/drive/MyDrive/newstart_ai/data/raw/ssa/ssa-770-u4.pdf,SSA,SSA-770-U,form,,True
708,ssa-773-u4.pdf,/content/drive/MyDrive/newstart_ai/data/raw/ssa/ssa-773-u4.pdf,SSA,SSA-773-U,form,,True
709,ssa-781.pdf,/content/drive/MyDrive/newstart_ai/data/raw/ssa/ssa-781.pdf,SSA,SSA-781,form,,True
710,ssa-783.pdf,/content/drive/MyDrive/newstart_ai/data/raw/ssa/ssa-783.pdf,SSA,SSA-783,form,,True
711,ssa-788.pdf,/content/drive/MyDrive/newstart_ai/data/raw/ssa/ssa-788.pdf,SSA,SSA-788,form,,True
712,ssa-789.pdf,/content/drive/MyDrive/newstart_ai/data/raw/ssa/ssa-789.pdf,SSA,SSA-789,form,,True
713,ssa-792.pdf,/content/drive/MyDrive/newstart_ai/data/raw/ssa/ssa-792.pdf,SSA,SSA-792,form,,True
714,ssa-795-sp.pdf,/content/drive/MyDrive/newstart_ai/data/raw/ssa/ssa-795-sp.pdf,SSA,SSA-795-SP,form,,True
715,ssa-795.pdf,/content/drive/MyDrive/newstart_ai/data/raw/ssa/ssa-795.pdf,SSA,SSA-795,form,,True
716,ssa-8.pdf,/content/drive/MyDrive/newstart_ai/data/raw/ssa/ssa-8.pdf,SSA,SSA-8,form,,True
717,ssa-8000-bk.pdf,/content/drive/MyDrive/newstart_ai/data/raw/ssa/ssa-8000-bk.pdf,SSA,SSA-8000-BK,form,,True
718,ssa-8001-bk.pdf,/content/drive/MyDrive/newstart_ai/data/raw/ssa/ssa-8001-bk.pdf,SSA,SSA-8001-BK,form,,True
719,ssa-8005-inst.pdf,/content/drive/MyDrive/newstart_ai/data/raw/ssa/ssa-8005-inst.pdf,SSA,SSA-8005-INST,instructions,,True
720,ssa-8011-f3.pdf,/content/drive/MyDrive/newstart_ai/data/raw/ssa/ssa-8011-f3.pdf,SSA,SSA-8011-F,form,,True
721,ssa-820.pdf,/content/drive/MyDrive/newstart_ai/data/raw/ssa/ssa-820.pdf,SSA,SSA-820,form,,True
722,ssa-821.pdf,/content/drive/MyDrive/newstart_ai/data/raw/ssa/ssa-821.pdf,SSA,SSA-821,form,,True
723,ssa-8240.pdf,/content/drive/MyDrive/newstart_ai/data/raw/ssa/ssa-8240.pdf,SSA,SSA-8240,form,,True
724,ssa-827-inst-sp.pdf,/content/drive/MyDrive/newstart_ai/data/raw/ssa/ssa-827-inst-sp.pdf,SSA,SSA-827-INST-SP,instructions,,True
725,ssa-827-inst.pdf,/content/drive/MyDrive/newstart_ai/data/raw/ssa/ssa-827-inst.pdf,SSA,SSA-827-INST,instructions,,True
726,ssa-827.pdf,/content/drive/MyDrive/newstart_ai/data/raw/ssa/ssa-827.pdf,SSA,SSA-827,form,,True
727,ssa-8510.pdf,/content/drive/MyDrive/newstart_ai/data/raw/ssa/ssa-8510.pdf,SSA,SSA-8510,form,,True
728,ssa-8552.pdf,/content/drive/MyDrive/newstart_ai/data/raw/ssa/ssa-8552.pdf,SSA,SSA-8552,form,,True
729,ssa-88.pdf,/content/drive/MyDrive/newstart_ai/data/raw/ssa/ssa-88.pdf,SSA,SSA-88,form,,True
730,ssa-89-sp.pdf,/content/drive/MyDrive/newstart_ai/data/raw/ssa/ssa-89-sp.pdf,SSA,SSA-89-SP,form,,True
731,ssa-89.pdf,/content/drive/MyDrive/newstart_ai/data/raw/ssa/ssa-89.pdf,SSA,SSA-89,form,,True
732,f1040x.pdf,/content/drive/MyDrive/newstart_ai/data/raw/irs/f1040x.pdf,IRS,1040X,form,https://www.irs.gov/pub/irs-pdf/f1040x.pdf,True
733,fw7.pdf,/content/drive/MyDrive/newstart_ai/data/raw/irs/fw7.pdf,IRS,W-7,form,https://www.irs.gov/pub/irs-pdf/fw7.pdf,True
734,i1040x.pdf,/content/drive/MyDrive/newstart_ai/data/raw/irs/i1040x.pdf,IRS,1040X,instructions,https://www.irs.gov/pub/irs-pdf/i1040x.pdf,True
735,f4506t.pdf,/content/drive/MyDrive/newstart_ai/data/raw/irs/f4506t.pdf,IRS,4506T,form,https://www.irs.gov/pub/irs-pdf/f4506t.pdf,True
736,i941.pdf,/content/drive/MyDrive/newstart_ai/data/raw/irs/i941.pdf,IRS,941,instructions,https://www.irs.gov/pub/irs-pdf/i941.pdf,True
737,iw2w3.pdf,/content/drive/MyDrive/newstart_ai/data/raw/irs/iw2w3.pdf,IRS,W-2W-3,instructions,https://www.irs.gov/pub/irs-pdf/iw2w3.pdf,True
738,fw4.pdf,/content/drive/MyDrive/newstart_ai/data/raw/irs/fw4.pdf,IRS,W-4,form,https://www.irs.gov/pub/irs-pdf/fw4.pdf,True
739,i1040gi.pdf,/content/drive/MyDrive/newstart_ai/data/raw/irs/i1040gi.pdf,IRS,1040GI,instructions,https://www.irs.gov/pub/irs-pdf/i1040gi.pdf,True
740,f4547.pdf,/content/drive/MyDrive/newstart_ai/data/raw/irs/f4547.pdf,IRS,4547,form,https://www.irs.gov/pub/irs-pdf/f4547.pdf,True
741,i4547.pdf,/content/drive/MyDrive/newstart_ai/data/raw/irs/i4547.pdf,IRS,4547,instructions,https://www.irs.gov/pub/irs-pdf/i4547.pdf,True
742,f2159.pdf,/content/drive/MyDrive/newstart_ai/data/raw/irs/f2159.pdf,IRS,2159,form,https://www.irs.gov/pub/irs-pdf/f2159.pdf,True
743,iw7.pdf,/content/drive/MyDrive/newstart_ai/data/raw/irs/iw7.pdf,IRS,W-7,instructions,https://www.irs.gov/pub/irs-pdf/iw7.pdf,True
744,f1040.pdf,/content/drive/MyDrive/newstart_ai/data/raw/irs/f1040.pdf,IRS,1040,form,https://www.irs.gov/pub/irs-pdf/f1040.pdf,True
745,fw2.pdf,/content/drive/MyDrive/newstart_ai/data/raw/irs/fw2.pdf,IRS,W-2,form,https://www.irs.gov/pub/irs-pdf/fw2.pdf,True
746,f8508.pdf,/content/drive/MyDrive/newstart_ai/data/raw/irs/f8508.pdf,IRS,8508,form,https://www.irs.gov/pub/irs-pdf/f8508.pdf,True
747,f941.pdf,/content/drive/MyDrive/newstart_ai/data/raw/irs/f941.pdf,IRS,941,form,https://www.irs.gov/pub/irs-pdf/f941.pdf,True
748,fw9.pdf,/content/drive/MyDrive/newstart_ai/data/raw/irs/fw9.pdf,IRS,W-9,form,https://www.irs.gov/pub/irs-pdf/fw9.pdf,True
749,i2848.pdf,/content/drive/MyDrive/newstart_ai/data/raw/irs/i2848.pdf,IRS,2848,instructions,https://www.irs.gov/pub/irs-pdf/i2848.pdf,True
750,f13844.pdf,/content/drive/MyDrive/newstart_ai/data/raw/irs/f13844.pdf,IRS,13844,form,https://www.irs.gov/pub/irs-pdf/f13844.pdf,True
751,i9465.pdf,/content/drive/MyDrive/newstart_ai/data/raw/irs/i9465.pdf,IRS,9465,instructions,https://www.irs.gov/pub/irs-pdf/i9465.pdf,True
752,f2848.pdf,/content/drive/MyDrive/newstart_ai/data/raw/irs/f2848.pdf,IRS,2848,form,https://www.irs.gov/pub/irs-pdf/f2848.pdf,True
753,iw9.pdf,/content/drive/MyDrive/newstart_ai/data/raw/irs/iw9.pdf,IRS,W-9,instructions,https://www.irs.gov/pub/irs-pdf/iw9.pdf,True
754,f9465.pdf,/content/drive/MyDrive/newstart_ai/data/raw/irs/f9465.pdf,IRS,9465,form,https://www.irs.gov/pub/irs-pdf/f9465.pdf,True
